checkpoint,cycles,starts,first_local,last_local,tcp_err_mm_p50,ik_residual_mm_p50
COTRAIN-R312C-EGOROBOT100-RELONLY-D20-B8-300K_10k_pinklockwy,104,8,2026-10-03 13:26,2026-10-03 13:26,5.0,0.0
COTRAIN-R312C-EGOROBOT100-RELONLY-D20-B8-300K_15k_pinklockwy,224,40,2026-10-03 13:50,2026-10-03 14:08,7.8,3.3
COTRAIN-R312C-EGOROBOT100-RELONLY-D20-B8-300K_25k_pinklockwy,48,16,2026-10-03 16:54,2026-10-03 16:55,9.4,2.5
COTRAIN-R312C-EGOROBOT100-RELONLY-D20-B8-300K_5k_pinklockwy,232,8,2026-10-03 13:18,2026-10-03 13:19,3.3,0.0
COTRAIN-R312C-EGOROBOT100-RELONLY-D20-B8-300K_70k_pinklockwy,128,32,2026-10-03 17:19,2026-10-03 17:22,4.7,0.1
EGO-CART20V2-RELONLY-D20-B8-50K-V2B_10k_pinklockwy,55,3,2026-10-02 12:23,2026-10-02 12:27,14.8,0.4
EGO-CART20V2-RELONLY-D20-B8-50K-V2B_15k_pinklockwy,68,4,2026-10-02 12:41,2026-10-02 12:46,10.2,3.5
EGO-CART20V2-RELONLY-D20-B8-50K-V2B_20k_pinklockwy,260,12,2026-10-02 13:10,2026-10-02 13:37,14.1,10.2
EGO-CART20V2-RELONLY-D20-B8-50K-V2B_25k_pinklockwy,678,16,2026-10-02 13:42,2026-10-02 13:52,7.0,0.2
EGO-CART20V2-RELONLY-D20-B8-50K-V2B_30k_pinklockwy,215,0,2026-10-02 14:06,2026-10-02 14:27,,0.5
EGO-CART20V2-RELONLY-D20-B8-50K-V2B_35k_pinklockwy,1005,8,2026-10-02 14:39,2026-10-02 15:05,5.9,1.0
EGO-CART20V2-RELONLY-D20-B8-50K-V2B_40k_pinklockwy,598,48,2026-10-02 15:15,2026-10-02 15:28,14.6,12.9
EGO-CART20V2-RELONLY-D20-B8-50K-V2B_45k_pinklockwy,42,0,2026-10-02 15:55,2026-10-02 15:56,,0.3
EGO-CART20V2-RELONLY-D20-B8-50K-V2B_50k_pinklockwy,104,16,2026-10-02 16:14,2026-10-02 16:25,18.6,15.0
EGO-CART20V2-RELONLY-D20-B8-50K-V2B_5k_pinklockwy,121,6,2026-10-02 11:51,2026-10-02 12:08,7.1,0.3
FT-R312C-FROM-EGOV2BB850K-RELONLY-D20-B8-150K_10k_pinklockwy,568,12,2026-10-02 17:54,2026-10-02 17:58,3.5,0.0
FT-R312C-FROM-EGOV2BB850K-RELONLY-D20-B8-150K_15k_pinklockwy,292,12,2026-10-02 18:28,2026-10-02 18:30,4.8,0.1
FT-R312C-FROM-EGOV2BB850K-RELONLY-D20-B8-150K_20k_pinklockwy,412,12,2026-10-02 18:53,2026-10-02 18:57,4.2,0.0
FT-R312C-FROM-EGOV2BB850K-RELONLY-D20-B8-150K_25k_pinklockwy,388,12,2026-10-02 19:22,2026-10-02 19:26,4.1,0.0
FT-R312C-FROM-EGOV2BB850K-RELONLY-D20-B8-150K_30k_pinklockwy,516,12,2026-10-02 19:52,2026-10-02 19:55,2.5,0.3
FT-R312C-FROM-EGOV2BB850K-RELONLY-D20-B8-150K_45k_pinklockwy,180,4,2026-10-02 21:46,2026-10-02 21:46,2.5,0.0
FT-R312C-FROM-EGOV2BB850K-RELONLY-D20-B8-150K_50k_pinklockwy,348,16,2026-10-02 21:53,2026-10-02 22:13,2.4,0.4
FT-R312C-FROM-EGOV2BB850K-RELONLY-D20-B8-150K_55k_pinklockwy,408,12,2026-10-02 22:13,2026-10-02 22:16,2.8,0.0
FT-R312C-FROM-EGOV2BB850K-RELONLY-D20-B8-150K_5k_pinklockwy,368,8,2026-10-02 17:26,2026-10-02 17:29,3.9,0.1
FT-R312C-FROM-EGOV2BB850K-RELONLY-D20-B8-300K_100k_pinklockwy,280,4,2026-10-03 12:40,2026-10-03 12:42,2.1,0.3
FT-R312C-FROM-EGOV2BB850K-RELONLY-D20-B8-300K_140k_pinklockwy,1100,12,2026-10-03 12:22,2026-10-03 12:28,1.7,0.5
FT-R312C-FROM-EGOV2BB850K-RELONLY-D20-B8-300K_145k_pinklockwy,3696,56,2026-10-03 12:52,2026-10-03 13:17,2.1,0.0
FT-R312C-FROM-EGOV2BB850K-RELONLY-D20-B8-300K_150k_pinklockwy,2572,16,2026-10-03 13:19,2026-10-03 13:45,2.5,0.0
FT-R312C-FROM-EGOV2BB850K-RELONLY-D20-B8-300K_155k_pinklockwy,1947,68,2026-10-03 13:46,2026-10-03 14:11,4.0,0.0
FT-R312C-FROM-EGOV2BB850K-RELONLY-D20-B8-300K_160k_pinklockwy,1312,48,2026-10-03 14:15,2026-10-03 16:52,4.0,0.0
FT-R312C-FROM-EGOV2BB850K-RELONLY-D20-B8-300K_190k_pinklockwy,4745,80,2026-10-03 17:15,2026-10-03 18:08,3.9,0.1
FT-R312C-FROM-EGOV2BB850K-RELONLY-D20-B8-300K_195k_pinklockwy,1481,8,2026-10-03 17:42,2026-10-03 17:48,3.2,0.0
FT-R312C-FROM-EGOV2BB850K-RELONLY-D20-B8-300K_205k_pinklockwy,318,40,2026-10-03 18:34,2026-10-03 18:41,4.8,0.1
FT-R312C-FROM-EGOV2BB850K-RELONLY-D20-B8-300K_75k_pinklockwy,20,16,2026-10-03 12:51,2026-10-03 12:51,3.0,2.1
HRA-RIGHTONLY-LOSSMASK-D20-B8-300K_15k_rightonly,176,35,2026-10-04 14:07,2026-10-04 14:18,12.9,8.6
HRA-RIGHTONLY-LOSSMASK-D20-B8-300K_45k_rightonly,1317,96,2026-10-04 16:19,2026-10-04 16:37,7.2,4.8
HRA-RIGHTONLY-LOSSMASK-D20-B8-300K_50k_rightonly,1291,104,2026-10-04 16:38,2026-10-04 16:51,9.5,4.8
HRA-RIGHTONLY-LOSSMASK-D20-B8-300K_55k_rightonly,1431,123,2026-10-04 17:05,2026-10-04 19:23,7.1,0.7
HRA-RIGHTONLY-LOSSMASK-D20-B8-300K_60k_rightonly,1502,117,2026-10-04 17:32,2026-10-04 18:08,10.7,6.7
HRA-RIGHTONLY-LOSSMASK-D20-B8-300K_65k_rightonly,200,13,2026-10-04 18:22,2026-10-04 18:23,12.8,8.5
HRA-RIGHTONLY-LOSSMASK-D20-B8-300K_70k_rightonly,1988,145,2026-10-04 18:36,2026-10-04 19:08,7.3,0.1
HRA-RIGHTONLY-LOSSMASK-D20-B8-300K_75k_rightonly,492,25,2026-10-04 18:59,2026-10-04 19:03,4.5,0.0
R312C-RELCART20-RELONLY-D20-B8-150K_10k_pinklockwy,47,2,2026-10-02 12:14,2026-10-02 12:28,5.8,0.2
R312C-RELCART20-RELONLY-D20-B8-150K_15k_pinklockwy,54,3,2026-10-02 12:37,2026-10-02 12:47,4.9,0.1
R312C-RELCART20-RELONLY-D20-B8-150K_20k_pinklockwy,121,8,2026-10-02 13:08,2026-10-02 13:36,5.2,0.0
R312C-RELCART20-RELONLY-D20-B8-150K_25k_pinklockwy,343,12,2026-10-02 13:39,2026-10-02 13:51,4.8,2.0
R312C-RELCART20-RELONLY-D20-B8-150K_30k_pinklockwy,654,0,2026-10-02 14:03,2026-10-02 14:26,,0.1
R312C-RELCART20-RELONLY-D20-B8-150K_35k_pinklockwy,662,0,2026-10-02 14:27,2026-10-02 14:48,,0.0
R312C-RELCART20-RELONLY-D20-B8-150K_40k_pinklockwy,1657,8,2026-10-02 14:54,2026-10-02 15:18,3.8,0.0
R312C-RELCART20-RELONLY-D20-B8-150K_45k_pinklockwy,1064,16,2026-10-02 15:31,2026-10-02 15:42,3.4,0.0
R312C-RELCART20-RELONLY-D20-B8-150K_50k_pinklockwy,1237,32,2026-10-02 15:59,2026-10-02 16:16,3.4,0.4
R312C-RELCART20-RELONLY-D20-B8-150K_55k_pinklockwy,1260,28,2026-10-02 16:23,2026-10-02 16:35,3.3,0.0
R312C-RELCART20-RELONLY-D20-B8-150K_5k_pinklockwy,106,3,2026-10-02 11:49,2026-10-02 11:56,5.1,0.1
R312C-RELCART20-RELONLY-D20-B8-150K_60k_pinklockwy,256,8,2026-10-02 17:06,2026-10-02 17:08,3.9,0.0
R384-RELCART20-RELONLY-D20-B8-150K_10k_pinklockwy,344,16,2026-10-02 17:40,2026-10-02 17:59,4.3,0.0
R384-RELCART20-RELONLY-D20-B8-150K_15k_pinklockwy,152,8,2026-10-02 18:07,2026-10-02 18:09,4.8,0.0
R384-RELCART20-RELONLY-D20-B8-150K_20k_pinklockwy,196,4,2026-10-02 18:38,2026-10-02 18:39,3.9,0.1
R384-RELCART20-RELONLY-D20-B8-150K_25k_pinklockwy,592,12,2026-10-02 19:07,2026-10-02 19:12,3.8,0.2
R384-RELCART20-RELONLY-D20-B8-150K_30k_pinklockwy,1104,20,2026-10-02 19:33,2026-10-02 19:51,2.7,0.0
R384-RELCART20-RELONLY-D20-B8-150K_50k_pinklockwy,124,4,2026-10-02 21:47,2026-10-02 21:48,2.7,0.0
R384-RELCART20-RELONLY-D20-B8-150K_55k_pinklockwy,184,12,2026-10-02 22:08,2026-10-02 22:10,5.1,0.1
R384-RELCART20-RELONLY-D20-B8-150K_5k_pinklockwy,124,12,2026-10-02 17:13,2026-10-02 17:36,4.9,0.1
R384-RELCART20-RELONLY-D20-B8-150K_60k_pinklockwy,368,8,2026-10-02 22:19,2026-10-02 22:21,2.2,0.2
R384-RELCART20-RELONLY-D20-B8-300K_100k_pinklockwy,352,4,2026-10-03 12:38,2026-10-03 12:40,2.9,0.0
R384-RELCART20-RELONLY-D20-B8-300K_145k_pinklockwy,1011,28,2026-10-03 12:20,2026-10-03 12:50,2.8,0.1
R384-RELCART20-RELONLY-D20-B8-300K_150k_pinklockwy,1160,16,2026-10-03 13:02,2026-10-03 13:15,2.6,0.0
R384-RELCART20-RELONLY-D20-B8-300K_155k_pinklockwy,524,8,2026-10-03 13:38,2026-10-03 13:40,2.9,0.0
R384-RELCART20-RELONLY-D20-B8-300K_160k_pinklockwy,1272,42,2026-10-03 13:41,2026-10-03 14:05,3.5,0.0
R384-RELCART20-RELONLY-D20-B8-300K_165k_pinklockwy,480,32,2026-10-03 16:44,2026-10-03 16:47,3.7,0.0
R384-RELCART20-RELONLY-D20-B8-300K_200k_pinklockwy,309,0,2026-10-03 17:49,2026-10-03 17:51,,0.1
R384-RELCART20-RELONLY-D20-B8-300K_75k_pinklockwy,444,12,2026-10-03 12:43,2026-10-03 12:46,3.7,0.0
