end_local,session,end_class,chunks,rows_handed,latency_p50_s
2026-10-06 15:57:39,269846765,user_stop,23,118,0.461
2026-10-06 16:00:22,270005238,user_stop,39,134,0.427
2026-10-06 16:01:27,270069874,user_stop,41,141,0.438
2026-10-06 16:02:41,270149947,user_stop,12,82,0.464
2026-10-06 16:07:24,270407743,user_stop,31,291,0.452
2026-10-06 16:08:54,270462727,user_stop,59,575,0.4465
2026-10-06 16:10:12,270577932,user_stop,37,272,0.77
2026-10-06 16:10:57,270635894,user_stop,23,167,0.774
2026-10-06 16:11:53,270684217,user_stop,32,233,0.766
2026-10-06 16:12:48,270734748,user_stop,37,265,0.765
2026-10-06 16:13:32,270782812,user_stop,32,235,0.77
2026-10-06 16:14:36,270851919,user_stop,26,192,0.777
2026-10-06 16:15:14,270892955,user_stop,24,172,0.841
2026-10-06 16:16:33,270966941,user_stop,21,207,0.443
2026-10-06 16:17:31,271017506,user_stop,28,272,0.4415
2026-10-06 16:18:11,271062296,user_stop,23,229,0.439
2026-10-06 16:19:00,271122095,user_stop,15,144,0.45
2026-10-06 16:29:16,271746413,user_stop,21,131,0.438
2026-10-06 16:29:44,271778804,user_stop,13,82,0.446
2026-10-06 16:31:47,271893218,user_stop,29,188,0.433
2026-10-06 16:32:24,271924363,user_stop,41,266,0.436
2026-10-06 16:32:45,271956879,user_stop,19,117,0.435
2026-10-06 16:33:06,271976809,user_stop,21,130,0.434
2026-10-06 16:33:35,272000134,user_stop,33,206,0.434
2026-10-06 16:36:53,272203288,user_stop,23,158,0.433
2026-10-06 16:37:19,272224671,user_stop,28,200,0.452
2026-10-06 16:45:37,272727063,user_stop,23,161,0.435
2026-10-06 16:46:10,272761422,user_stop,20,139,0.4375
2026-10-06 16:47:27,272836772,user_stop,22,142,0.4385
2026-10-06 16:48:52,272919802,user_stop,23,129,0.437
2026-10-06 16:50:24,272998376,user_stop,30,231,0.439
2026-10-06 16:51:59,273099300,user_stop,18,151,0.4425
2026-10-06 16:53:30,273188937,user_stop,22,148,0.918
2026-10-06 16:55:09,273294928,user_stop,8,60,1.6035
2026-10-06 16:56:51,273389071,user_stop,25,164,0.763
2026-10-06 16:58:51,273508929,user_stop,26,169,0.776
2026-10-06 17:01:46,273683067,user_stop,26,171,0.774
2026-10-06 17:02:23,273719076,user_stop,26,193,0.781
2026-10-06 17:02:56,273756816,user_stop,21,156,0.776
2026-10-06 17:04:20,273838272,user_stop,23,173,0.763
2026-10-06 17:05:01,273872086,user_stop,29,225,0.851
2026-10-06 17:05:35,273912273,user_stop,25,187,0.774
2026-10-06 17:06:57,273996726,user_stop,21,160,0.758
2026-10-06 17:07:25,274025272,user_stop,22,163,0.7725
2026-10-06 17:08:58,274105209,glitch_hold,34,258,0.7705
2026-10-06 17:10:47,274218669,user_stop,33,257,0.777
2026-10-06 17:11:04,274263421,user_stop,1,13,0.457
2026-10-06 17:11:25,274272399,user_stop,16,127,0.7725
2026-10-06 17:12:30,274338552,user_stop,15,117,0.765
2026-10-06 17:15:07,274482644,user_stop,28,182,0.7595000000000001
2026-10-06 17:16:30,274557693,user_stop,40,308,0.7585
2026-10-06 17:17:45,274637344,user_stop,30,219,0.7585
2026-10-06 17:19:25,274751326,user_stop,29,181,0.421
2026-10-06 17:19:51,274777058,user_stop,33,227,0.419
2026-10-06 17:38:29,275887418,user_stop,46,316,0.437
2026-10-06 17:39:03,275921304,user_stop,49,339,0.42
2026-10-06 17:39:24,275954314,user_stop,25,167,0.413
2026-10-06 17:43:03,276172236,user_stop,26,175,0.416
2026-10-06 17:43:26,276197004,user_stop,22,154,0.4185
2026-10-06 19:11:03,281434271,user_stop,68,460,0.4135
2026-10-06 19:12:38,281543371,user_stop,34,231,0.421
2026-10-06 19:14:46,281670398,user_stop,37,251,0.411
2026-10-06 19:20:20,282010418,user_stop,24,157,0.411
2026-10-06 19:24:34,282257577,user_stop,38,264,0.4215
2026-10-06 19:25:00,282290307,user_stop,24,162,0.423
2026-10-07 11:33:29,340401557,user_stop,18,119,0.4125
2026-10-07 11:34:15,340448241,user_stop,16,110,0.421
2026-10-07 11:35:03,340488159,user_stop,32,226,0.4425
2026-10-07 11:39:49,340781763,user_stop,18,119,0.4125
2026-10-07 11:51:07,341460645,user_stop,15,97,0.428
2026-10-07 12:53:44,345204202,user_stop,14,70,0.914
2026-10-07 12:54:22,345240994,user_stop,21,141,1.016
2026-10-07 12:54:56,345286096,user_stop,19,135,0.511
2026-10-07 12:55:46,345329592,user_stop,14,96,1.0550000000000002
2026-10-07 13:20:55,346835831,user_stop,16,88,0.87
2026-10-07 13:24:00,347021310,user_stop,15,99,1.112
2026-10-07 13:24:29,347059061,user_stop,15,81,0.462
2026-10-07 13:57:50,349053658,user_stop,15,86,0.887
2026-10-07 14:03:41,349402049,user_stop,18,125,0.967
2026-10-07 14:05:25,349505739,user_stop,17,116,1.008
2026-10-07 14:05:50,349541292,user_stop,17,124,0.487
2026-10-07 14:07:15,349617684,user_stop,18,128,0.9375
2026-10-07 14:08:05,349665998,user_stop,17,119,1.0
2026-10-07 14:09:32,349752568,user_stop,24,169,0.884
2026-10-07 14:11:13,349862428,user_stop,8,46,1.135
2026-10-07 14:11:35,349886141,cube_size_stop,8,60,1.1245
2026-10-07 14:12:10,349921124,cube_size_stop,11,63,0.908
2026-10-07 14:12:44,349947266,user_stop,32,226,0.5095000000000001
2026-10-07 14:13:41,350009536,user_stop,12,81,0.9075
2026-10-07 14:14:26,350045758,user_stop,18,123,1.0965
2026-10-07 14:14:50,350075681,user_stop,12,78,1.1075
2026-10-07 14:15:23,350102547,user_stop,19,134,0.989
2026-10-07 14:15:48,350138760,cube_size_stop,7,48,1.066
2026-10-07 14:16:08,350164070,cube_size_stop,10,63,0.4335
2026-10-07 14:16:28,350181691,cube_size_stop,7,43,0.915
2026-10-07 14:17:04,350216666,cube_size_stop,7,45,0.958
2026-10-07 14:17:39,350244889,user_stop,13,92,0.975
2026-10-07 14:18:34,350307171,cube_size_stop,6,36,1.023
2026-10-07 14:19:01,350334678,cube_size_stop,10,49,0.4535
2026-10-07 14:19:20,350356657,cube_size_stop,8,55,0.488
2026-10-07 14:19:50,350381327,cube_size_stop,7,47,1.079
2026-10-07 14:20:14,350406203,cube_size_stop,8,50,0.8945000000000001
2026-10-07 14:20:34,350425643,cube_size_stop,8,54,0.921
2026-10-07 14:21:00,350449610,cube_size_stop,9,63,1.106
2026-10-07 14:21:33,350481107,cube_size_stop,10,66,1.065
2026-10-07 14:21:53,350503956,cube_size_stop,8,56,1.0485
2026-10-07 14:22:50,350565317,cube_size_stop,9,57,0.449
2026-10-07 14:24:26,350649908,user_stop,13,92,1.194
2026-10-07 14:25:48,350742373,cube_size_stop,12,68,0.4325
2026-10-07 14:27:18,350828668,cube_size_stop,9,54,0.953
2026-10-07 14:27:52,350865467,cube_size_stop,3,19,1.685
2026-10-07 14:28:05,350878238,cube_size_stop,4,21,1.3075
2026-10-07 14:28:47,350916251,cube_size_stop,9,59,1.055
2026-10-07 14:30:50,351042925,cube_size_stop,7,46,0.914
2026-10-07 14:31:22,351065349,user_stop,15,108,1.045
2026-10-07 14:32:46,351157250,user_stop,17,113,0.496
2026-10-07 14:33:47,351217550,cube_size_stop,9,62,1.062
2026-10-07 14:34:00,351234070,cube_size_stop,4,23,1.336
2026-10-07 14:34:11,351247556,user_stop,2,9,1.754
2026-10-07 14:34:49,351271481,user_stop,15,110,1.093
2026-10-07 14:35:16,351296541,user_stop,15,113,1.228
2026-10-07 14:35:35,351323037,user_stop,10,74,1.2265000000000001
2026-10-07 14:36:57,351400946,user_stop,15,99,0.992
2026-10-07 14:37:46,351451274,user_stop,14,95,0.9764999999999999
2026-10-07 14:38:35,351502817,cube_size_stop,9,56,1.246
2026-10-07 14:38:47,351522402,user_stop,3,16,1.262
2026-10-07 14:39:16,351544469,cube_size_stop,12,65,1.0
2026-10-07 14:39:26,351564623,cube_size_stop,3,23,0.427
2026-10-07 14:40:06,351588595,user_stop,16,109,1.092
2026-10-07 14:40:37,351615893,user_stop,20,141,0.989
2026-10-07 14:41:19,351669457,user_stop,6,38,1.2635
2026-10-07 14:42:13,351709720,user_stop,16,110,1.3105
2026-10-07 14:42:43,351749612,cube_size_stop,9,60,1.211
2026-10-07 14:43:17,351782068,user_stop,20,123,0.5345
2026-10-07 14:43:57,351825753,cube_size_stop,11,74,0.931
2026-10-07 14:44:32,351860471,cube_size_stop,11,77,0.94
2026-10-07 14:44:47,351884646,user_stop,1,9,2.062
2026-10-07 14:45:59,351947751,cube_size_stop,9,62,1.162
2026-10-07 14:48:08,352083982,cube_size_stop,9,60,0.415
2026-10-07 14:48:16,352095245,cube_size_stop,3,23,0.415
2026-10-07 14:48:38,352112193,cube_size_stop,14,92,0.4195
2026-10-07 14:49:32,352171125,cube_size_stop,2,15,0.4295
2026-10-07 14:49:46,352181789,cube_size_stop,11,72,0.415
2026-10-07 14:52:23,352338438,cube_size_stop,10,67,0.508
2026-10-07 14:52:58,352376756,cube_size_stop,2,14,0.5175
2026-10-07 14:53:28,352398450,user_stop,19,137,0.52
2026-10-07 14:54:26,352462322,cube_size_stop,8,60,0.5045
2026-10-07 14:54:33,352467474,user_stop,10,72,0.5345
2026-10-07 14:55:05,352500995,cube_size_stop,8,54,0.515
2026-10-07 14:55:23,352519214,cube_size_stop,8,55,0.493
2026-10-07 14:55:31,352529710,cube_size_stop,3,22,0.489
2026-10-07 14:55:50,352546213,cube_size_stop,8,54,0.493
2026-10-07 14:56:38,352595440,cube_size_stop,7,46,0.427
2026-10-07 14:56:56,352613315,cube_size_stop,7,47,0.413
2026-10-07 14:57:19,352634620,cube_size_stop,10,71,0.414
2026-10-07 14:58:07,352684493,cube_size_stop,7,44,0.42
2026-10-07 14:58:38,352714438,cube_size_stop,9,58,0.421
2026-10-07 14:58:39,352718671,cube_size_stop,0,0,
2026-10-07 14:58:45,352723719,cube_size_stop,4,30,0.411
2026-10-07 14:58:56,352734986,user_stop,2,13,0.4425
2026-10-07 15:00:15,352812012,cube_size_stop,7,48,0.417
2026-10-07 15:00:44,352837742,user_stop,15,103,0.413
2026-10-07 15:01:15,352868729,user_stop,15,104,0.411
2026-10-07 15:01:46,352900673,user_stop,13,87,0.415
2026-10-07 15:02:30,352947305,user_stop,8,52,0.4115
2026-10-07 15:03:55,353029999,user_stop,13,88,0.416
2026-10-07 15:04:37,353070724,user_stop,15,104,0.421
2026-10-07 15:05:12,353107517,user_stop,11,78,0.41
2026-10-07 15:07:19,353233516,user_stop,14,95,0.4125
2026-10-07 15:08:03,353279142,cube_size_stop,10,71,0.414
2026-10-07 15:09:06,353341692,cube_size_stop,11,78,0.415
2026-10-07 15:09:31,353368184,cube_size_stop,8,50,0.423
2026-10-07 15:10:07,353404287,cube_size_stop,7,51,0.417
2026-10-07 15:10:09,353408055,cube_size_stop,2,14,0.422
2026-10-07 15:10:31,353423283,user_stop,19,131,0.412
2026-10-07 15:10:59,353454815,cube_size_stop,11,74,0.424
2026-10-07 15:12:09,353522460,user_stop,15,104,0.416
2026-10-07 15:12:40,353557106,cube_size_stop,8,56,0.4225
2026-10-07 15:12:41,353561271,cube_size_stop,0,0,
2026-10-07 15:13:26,353602252,cube_size_stop,9,58,0.408
2026-10-07 15:13:52,353628766,cube_size_stop,9,63,0.424
2026-10-07 15:14:10,353646462,cube_size_stop,9,63,0.421
2026-10-07 15:14:26,353664113,cube_size_stop,6,40,0.419
2026-10-07 15:14:39,353675539,cube_size_stop,8,54,0.4225
2026-10-07 15:15:22,353714797,user_stop,18,123,0.4265
2026-10-07 15:15:35,353730999,cube_size_stop,10,69,0.421
2026-10-07 15:16:05,353761473,cube_size_stop,8,55,0.417
2026-10-07 15:16:25,353780964,cube_size_stop,10,67,0.412
2026-10-07 15:19:50,353975380,user_stop,34,232,0.417
2026-10-07 15:21:40,354097373,cube_size_stop,8,55,0.4105
2026-10-07 15:22:43,354159145,cube_size_stop,10,71,0.4175
2026-10-07 15:23:31,354201515,user_stop,24,163,0.41
