step,loss,lr,grad_norm,epoch
200,1.012,1e-06,3.449,0.03
400,0.767,3e-06,4.42,0.07
600,0.65,5e-06,5.387,0.1
800,0.475,7e-06,5.21,0.13
1000,0.47,9e-06,4.835,0.17
1200,0.389,1e-05,4.776,0.2
1400,0.344,1e-05,4.154,0.23
1600,0.301,1e-05,3.986,0.26
1800,0.306,1e-05,3.898,0.3
2000,0.273,1e-05,3.704,0.33
2200,0.238,1e-05,3.395,0.36
2400,0.275,1e-05,3.601,0.4
2600,0.237,1e-05,3.294,0.43
2800,0.234,1e-05,3.662,0.46
3000,0.216,1e-05,3.016,0.5
3200,0.234,1e-05,3.286,0.53
3400,0.21,1e-05,3.083,0.56
3600,0.18,1e-05,2.858,0.59
3800,0.191,1e-05,3.103,0.63
4000,0.173,1e-05,2.862,0.66
4200,0.193,1e-05,3.249,0.69
4400,0.218,1e-05,3.739,0.73
4600,0.165,1e-05,2.807,0.76
4800,0.173,1e-05,2.916,0.79
5000,0.15,1e-05,2.369,0.83
5200,0.177,1e-05,3.008,0.86
5400,0.151,1e-05,2.474,0.89
5600,0.161,1e-05,2.398,0.93
5800,0.171,1e-05,2.78,0.96
6000,0.151,1e-05,2.649,0.99
6200,0.159,1e-05,2.604,1.02
6400,0.188,1e-05,3.092,1.06
6600,0.159,1e-05,2.556,1.09
6800,0.165,1e-05,2.9,1.12
7000,0.156,1e-05,2.405,1.16
7200,0.162,1e-05,2.601,1.19
7400,0.156,1e-05,2.406,1.22
7600,0.15,1e-05,2.379,1.26
7800,0.15,1e-05,2.678,1.29
8000,0.14,1e-05,2.237,1.32
8200,0.169,1e-05,2.366,1.36
8400,0.175,1e-05,2.521,1.39
8600,0.152,1e-05,2.159,1.42
8800,0.166,1e-05,2.524,1.45
9000,0.145,1e-05,2.479,1.49
9200,0.145,1e-05,2.275,1.52
9400,0.172,1e-05,2.399,1.55
9600,0.142,1e-05,2.067,1.59
9800,0.165,1e-05,2.351,1.62
10000,0.142,1e-05,2.387,1.65
10200,0.138,1e-05,2.095,1.69
10400,0.132,1e-05,2.0,1.72
10600,0.146,1e-05,2.232,1.75
10800,0.135,1e-05,2.081,1.78
11000,0.142,1e-05,2.332,1.82
11200,0.139,1e-05,2.189,1.85
11400,0.138,1e-05,2.292,1.88
11600,0.132,1e-05,1.996,1.92
11800,0.15,1e-05,2.187,1.95
12000,0.138,1e-05,2.102,1.98
12200,0.122,1e-05,1.836,2.02
12400,0.128,1e-05,2.62,2.05
12600,0.129,1e-05,1.931,2.08
12800,0.136,1e-05,1.876,2.12
13000,0.123,1e-05,1.948,2.15
13200,0.139,1e-05,1.932,2.18
13400,0.125,1e-05,1.925,2.21
13600,0.138,1e-05,1.932,2.25
13800,0.143,9.9e-06,2.023,2.28
14000,0.139,9.9e-06,2.041,2.31
14200,0.122,9.9e-06,1.856,2.35
14400,0.11,9.9e-06,1.646,2.38
14600,0.123,9.9e-06,2.148,2.41
14800,0.134,9.9e-06,1.941,2.45
15000,0.12,9.9e-06,1.868,2.48
15200,0.129,9.9e-06,2.085,2.51
15400,0.119,9.9e-06,1.805,2.54
15600,0.123,9.9e-06,1.906,2.58
15800,0.145,9.9e-06,2.383,2.61
16000,0.131,9.9e-06,1.947,2.64
16200,0.114,9.9e-06,1.715,2.68
16400,0.111,9.9e-06,1.7,2.71
16600,0.127,9.9e-06,1.842,2.74
16800,0.116,9.9e-06,1.963,2.78
17000,0.12,9.9e-06,1.915,2.81
17200,0.126,9.9e-06,1.87,2.84
17400,0.12,9.9e-06,1.61,2.88
17600,0.131,9.9e-06,2.336,2.91
17800,0.117,9.9e-06,1.805,2.94
18000,0.134,9.9e-06,2.029,2.97
18200,0.118,9.9e-06,1.691,3.01
18400,0.109,9.9e-06,2.061,3.04
18600,0.121,9.9e-06,1.818,3.07
18800,0.115,9.9e-06,1.897,3.11
19000,0.13,9.9e-06,2.282,3.14
19200,0.118,9.9e-06,1.992,3.17
19400,0.11,9.9e-06,1.68,3.21
19600,0.109,9.9e-06,1.66,3.24
19800,0.118,9.9e-06,1.665,3.27
20000,0.101,9.9e-06,1.503,3.31
20200,0.122,9.9e-06,2.08,3.34
20400,0.112,9.9e-06,1.861,3.37
20600,0.103,9.9e-06,1.533,3.4
20800,0.128,9.9e-06,2.146,3.44
21000,0.118,9.9e-06,1.793,3.47
21200,0.1,9.9e-06,1.598,3.5
21400,0.111,9.9e-06,1.689,3.54
21600,0.114,9.9e-06,1.819,3.57
21800,0.127,9.9e-06,1.732,3.6
22000,0.109,9.9e-06,1.508,3.64
22200,0.099,9.9e-06,1.493,3.67
22400,0.109,9.9e-06,1.64,3.7
22600,0.111,9.9e-06,1.524,3.73
22800,0.113,9.9e-06,1.695,3.77
23000,0.097,9.9e-06,1.43,3.8
23200,0.128,9.9e-06,1.858,3.83
23400,0.118,9.9e-06,1.764,3.87
23600,0.107,9.9e-06,1.626,3.9
23800,0.111,9.9e-06,1.624,3.93
24000,0.121,9.8e-06,2.109,3.97
24200,0.11,9.8e-06,1.894,4.0
24400,0.098,9.8e-06,1.457,4.03
24600,0.104,9.8e-06,1.541,4.07
24800,0.104,9.8e-06,1.681,4.1
25000,0.104,9.8e-06,1.552,4.13
25200,0.108,9.8e-06,1.656,4.16
25400,0.11,9.8e-06,1.563,4.2
25600,0.099,9.8e-06,1.642,4.23
25800,0.128,9.8e-06,1.8,4.26
26000,0.104,9.8e-06,1.632,4.3
26200,0.1,9.8e-06,1.434,4.33
26400,0.109,9.8e-06,1.668,4.36
26600,0.106,9.8e-06,1.639,4.4
26800,0.108,9.8e-06,2.283,4.43
27000,0.113,9.8e-06,1.732,4.46
27200,0.108,9.8e-06,1.666,4.49
27400,0.107,9.8e-06,1.653,4.53
27600,0.092,9.8e-06,1.318,4.56
27800,0.114,9.8e-06,1.657,4.59
28000,0.105,9.8e-06,1.525,4.63
28200,0.114,9.8e-06,1.597,4.66
28400,0.11,9.8e-06,1.638,4.69
28600,0.1,9.8e-06,1.673,4.73
28800,0.103,9.8e-06,2.032,4.76
29000,0.108,9.8e-06,1.581,4.79
29200,0.102,9.8e-06,1.557,4.83
29400,0.098,9.8e-06,1.533,4.86
29600,0.101,9.8e-06,1.536,4.89
29800,0.097,9.8e-06,1.475,4.92
30000,0.112,9.8e-06,1.744,4.96
30200,0.098,9.8e-06,1.338,4.99
30400,0.102,9.8e-06,1.521,5.02
30600,0.101,9.8e-06,1.714,5.06
30800,0.091,9.8e-06,1.49,5.09
31000,0.092,9.7e-06,1.592,5.12
31200,0.101,9.7e-06,1.508,5.16
31400,0.101,9.7e-06,1.411,5.19
31600,0.1,9.7e-06,1.397,5.22
31800,0.102,9.7e-06,1.41,5.26
32000,0.096,9.7e-06,1.379,5.29
32200,0.113,9.7e-06,1.833,5.32
32400,0.1,9.7e-06,1.469,5.35
32600,0.103,9.7e-06,1.424,5.39
32800,0.103,9.7e-06,1.587,5.42
33000,0.092,9.7e-06,1.405,5.45
33200,0.102,9.7e-06,1.528,5.49
33400,0.09,9.7e-06,1.328,5.52
33600,0.091,9.7e-06,1.377,5.55
33800,0.097,9.7e-06,1.553,5.59
34000,0.096,9.7e-06,1.431,5.62
34200,0.089,9.7e-06,1.32,5.65
34400,0.092,9.7e-06,1.49,5.68
34600,0.09,9.7e-06,1.475,5.72
34800,0.094,9.7e-06,1.605,5.75
35000,0.097,9.7e-06,1.381,5.78
35200,0.091,9.7e-06,1.284,5.82
35400,0.095,9.7e-06,1.492,5.85
35600,0.103,9.7e-06,1.499,5.88
35800,0.095,9.7e-06,1.29,5.92
36000,0.089,9.7e-06,1.378,5.95
36200,0.095,9.7e-06,1.373,5.98
36400,0.101,9.7e-06,1.751,6.02
36600,0.088,9.6e-06,1.269,6.05
36800,0.082,9.6e-06,1.228,6.08
37000,0.096,9.6e-06,1.506,6.11
37200,0.086,9.6e-06,1.353,6.15
37400,0.1,9.6e-06,1.53,6.18
37600,0.099,9.6e-06,1.571,6.21
37800,0.082,9.6e-06,1.208,6.25
38000,0.096,9.6e-06,1.426,6.28
38200,0.092,9.6e-06,1.383,6.31
38400,0.081,9.6e-06,1.432,6.35
38600,0.088,9.6e-06,1.34,6.38
38800,0.085,9.6e-06,1.257,6.41
39000,0.094,9.6e-06,1.502,6.44
39200,0.082,9.6e-06,1.382,6.48
39400,0.091,9.6e-06,1.378,6.51
39600,0.096,9.6e-06,1.791,6.54
39800,0.084,9.6e-06,1.21,6.58
40000,0.09,9.6e-06,1.345,6.61
40200,0.103,9.6e-06,1.663,6.64
40400,0.093,9.6e-06,1.676,6.68
40600,0.092,9.6e-06,1.472,6.71
40800,0.083,9.6e-06,1.316,6.74
41000,0.086,9.6e-06,1.372,6.78
41200,0.079,9.6e-06,1.322,6.81
41400,0.098,9.6e-06,1.375,6.84
41600,0.095,9.5e-06,1.349,6.87
41800,0.093,9.5e-06,1.411,6.91
42000,0.091,9.5e-06,1.535,6.94
42200,0.095,9.5e-06,1.532,6.97
42400,0.087,9.5e-06,1.258,7.01
42600,0.084,9.5e-06,1.356,7.04
42800,0.094,9.5e-06,1.428,7.07
43000,0.092,9.5e-06,1.357,7.11
43200,0.088,9.5e-06,1.286,7.14
43400,0.092,9.5e-06,1.406,7.17
43600,0.085,9.5e-06,1.345,7.2
43800,0.089,9.5e-06,1.361,7.24
44000,0.088,9.5e-06,1.379,7.27
44200,0.082,9.5e-06,1.145,7.3
44400,0.082,9.5e-06,1.175,7.34
44600,0.102,9.5e-06,1.463,7.37
44800,0.088,9.5e-06,1.28,7.4
45000,0.087,9.5e-06,1.335,7.44
45200,0.074,9.5e-06,1.247,7.47
45400,0.078,9.5e-06,1.202,7.5
45600,0.079,9.5e-06,1.241,7.54
45800,0.082,9.5e-06,1.264,7.57
46000,0.105,9.4e-06,1.669,7.6
46200,0.081,9.4e-06,1.226,7.63
46400,0.084,9.4e-06,1.32,7.67
46600,0.088,9.4e-06,1.446,7.7
46800,0.086,9.4e-06,1.24,7.73
47000,0.08,9.4e-06,1.2,7.77
47200,0.083,9.4e-06,1.271,7.8
47400,0.088,9.4e-06,1.703,7.83
47600,0.076,9.4e-06,1.144,7.87
47800,0.082,9.4e-06,1.317,7.9
48000,0.078,9.4e-06,1.274,7.93
48200,0.079,9.4e-06,1.227,7.97
48400,0.076,9.4e-06,1.138,8.0
48600,0.081,9.4e-06,1.201,8.03
48800,0.079,9.4e-06,1.192,8.06
49000,0.074,9.4e-06,1.074,8.1
49200,0.079,9.4e-06,1.175,8.13
49400,0.074,9.4e-06,1.091,8.16
49600,0.08,9.4e-06,1.2,8.2
49800,0.079,9.4e-06,1.188,8.23
50000,0.08,9.3e-06,1.255,8.26
50200,0.076,9.3e-06,1.171,8.3
50400,0.076,9.3e-06,1.242,8.33
50600,0.072,9.3e-06,1.109,8.36
50800,0.081,9.3e-06,1.32,8.39
51000,0.076,9.3e-06,1.124,8.43
51200,0.068,9.3e-06,1.031,8.46
51400,0.07,9.3e-06,1.114,8.49
51600,0.084,9.3e-06,1.284,8.53
51800,0.081,9.3e-06,1.218,8.56
52000,0.076,9.3e-06,1.136,8.59
52200,0.085,9.3e-06,1.494,8.63
52400,0.075,9.3e-06,1.085,8.66
52600,0.082,9.3e-06,1.413,8.69
52800,0.08,9.3e-06,1.559,8.73
53000,0.073,9.3e-06,1.141,8.76
53200,0.078,9.3e-06,1.335,8.79
53400,0.08,9.3e-06,1.233,8.82
53600,0.09,9.3e-06,1.246,8.86
53800,0.073,9.2e-06,1.306,8.89
54000,0.079,9.2e-06,1.177,8.92
54200,0.079,9.2e-06,1.351,8.96
54400,0.071,9.2e-06,1.082,8.99
54600,0.078,9.2e-06,1.227,9.02
54800,0.07,9.2e-06,1.171,9.06
55000,0.068,9.2e-06,1.076,9.09
55200,0.066,9.2e-06,0.978,9.12
55400,0.081,9.2e-06,1.247,9.15
55600,0.073,9.2e-06,1.345,9.19
55800,0.068,9.2e-06,1.152,9.22
56000,0.071,9.2e-06,1.208,9.25
56200,0.075,9.2e-06,1.27,9.29
56400,0.08,9.2e-06,1.294,9.32
56600,0.079,9.2e-06,1.171,9.35
56800,0.072,9.2e-06,1.16,9.39
57000,0.075,9.2e-06,1.224,9.42
57200,0.073,9.2e-06,1.195,9.45
57400,0.072,9.1e-06,1.155,9.49
57600,0.076,9.1e-06,1.222,9.52
57800,0.081,9.1e-06,1.252,9.55
58000,0.067,9.1e-06,1.002,9.58
58200,0.073,9.1e-06,1.23,9.62
58400,0.073,9.1e-06,1.182,9.65
58600,0.07,9.1e-06,1.065,9.68
58800,0.073,9.1e-06,1.144,9.72
59000,0.073,9.1e-06,1.148,9.75
59200,0.074,9.1e-06,1.135,9.78
59400,0.072,9.1e-06,1.282,9.82
59600,0.077,9.1e-06,1.142,9.85
59800,0.066,9.1e-06,1.3,9.88
60000,0.075,9.1e-06,1.138,9.92
60200,0.068,9.1e-06,1.054,9.95
60400,0.069,9.1e-06,1.047,9.98
60600,0.069,9.1e-06,1.014,10.01
60800,0.07,9e-06,1.143,10.05
61000,0.07,9e-06,1.087,10.08
61200,0.066,9e-06,1.034,10.11
61400,0.066,9e-06,1.103,10.15
61600,0.073,9e-06,1.2,10.18
61800,0.068,9e-06,1.163,10.21
62000,0.069,9e-06,1.037,10.25
62200,0.062,9e-06,0.993,10.28
62400,0.067,9e-06,1.08,10.31
62600,0.062,9e-06,0.998,10.34
62800,0.089,9e-06,1.465,10.38
63000,0.072,9e-06,1.225,10.41
63200,0.065,9e-06,1.313,10.44
63400,0.064,9e-06,0.953,10.48
63600,0.081,9e-06,1.135,10.51
63800,0.069,9e-06,1.068,10.54
64000,0.063,8.9e-06,1.028,10.58
64200,0.063,8.9e-06,1.005,10.61
64400,0.072,8.9e-06,1.198,10.64
64600,0.071,8.9e-06,1.1,10.68
64800,0.069,8.9e-06,1.09,10.71
65000,0.075,8.9e-06,1.131,10.74
65200,0.081,8.9e-06,1.126,10.77
65400,0.067,8.9e-06,1.031,10.81
65600,0.071,8.9e-06,1.168,10.84
65800,0.065,8.9e-06,1.051,10.87
66000,0.075,8.9e-06,1.161,10.91
66200,0.063,8.9e-06,0.996,10.94
66400,0.073,8.9e-06,1.092,10.97
66600,0.062,8.9e-06,1.002,11.01
66800,0.069,8.9e-06,1.402,11.04
67000,0.07,8.9e-06,1.258,11.07
67200,0.06,8.8e-06,0.926,11.1
67400,0.064,8.8e-06,0.921,11.14
67600,0.066,8.8e-06,1.163,11.17
67800,0.065,8.8e-06,1.3,11.2
68000,0.063,8.8e-06,1.07,11.24
68200,0.065,8.8e-06,1.092,11.27
68400,0.062,8.8e-06,0.959,11.3
68600,0.059,8.8e-06,0.934,11.34
68800,0.064,8.8e-06,0.964,11.37
69000,0.057,8.8e-06,0.875,11.4
69200,0.057,8.8e-06,0.935,11.44
69400,0.058,8.8e-06,0.882,11.47
69600,0.065,8.8e-06,1.031,11.5
69800,0.064,8.8e-06,1.006,11.53
70000,0.068,8.8e-06,1.13,11.57
70200,0.065,8.7e-06,1.068,11.6
70400,0.062,8.7e-06,1.026,11.63
70600,0.069,8.7e-06,1.123,11.67
70800,0.064,8.7e-06,1.118,11.7
71000,0.064,8.7e-06,1.078,11.73
71200,0.063,8.7e-06,1.228,11.77
71400,0.069,8.7e-06,1.274,11.8
71600,0.068,8.7e-06,1.223,11.83
71800,0.061,8.7e-06,0.988,11.87
72000,0.062,8.7e-06,0.975,11.9
72200,0.06,8.7e-06,0.914,11.93
72400,0.062,8.7e-06,0.966,11.96
72600,0.062,8.7e-06,1.176,12.0
72800,0.056,8.7e-06,0.955,12.03
73000,0.062,8.6e-06,1.05,12.06
73200,0.059,8.6e-06,1.007,12.1
73400,0.063,8.6e-06,1.051,12.13
73600,0.059,8.6e-06,0.951,12.16
73800,0.064,8.6e-06,1.321,12.2
74000,0.057,8.6e-06,0.953,12.23
74200,0.057,8.6e-06,0.927,12.26
74400,0.062,8.6e-06,0.968,12.29
74600,0.057,8.6e-06,0.92,12.33
74800,0.061,8.6e-06,1.035,12.36
75000,0.061,8.6e-06,0.988,12.39
75200,0.061,8.6e-06,1.041,12.43
75400,0.062,8.6e-06,1.049,12.46
75600,0.065,8.6e-06,1.036,12.49
75800,0.056,8.5e-06,0.92,12.53
76000,0.057,8.5e-06,0.914,12.56
76200,0.057,8.5e-06,0.915,12.59
76400,0.061,8.5e-06,1.08,12.63
76600,0.059,8.5e-06,0.992,12.66
76800,0.058,8.5e-06,1.004,12.69
77000,0.052,8.5e-06,0.863,12.72
77200,0.056,8.5e-06,0.846,12.76
77400,0.06,8.5e-06,0.913,12.79
77600,0.056,8.5e-06,0.9,12.82
77800,0.06,8.5e-06,0.9,12.86
78000,0.07,8.5e-06,1.195,12.89
78200,0.062,8.5e-06,0.995,12.92
78400,0.059,8.5e-06,1.14,12.96
78600,0.056,8.4e-06,0.986,12.99
78800,0.056,8.4e-06,0.897,13.02
79000,0.054,8.4e-06,0.952,13.05
79200,0.059,8.4e-06,0.898,13.09
79400,0.052,8.4e-06,0.856,13.12
79600,0.062,8.4e-06,0.985,13.15
79800,0.063,8.4e-06,1.056,13.19
80000,0.055,8.4e-06,0.935,13.22
80200,0.055,8.4e-06,0.921,13.25
80400,0.06,8.4e-06,0.916,13.29
80600,0.056,8.4e-06,0.852,13.32
80800,0.054,8.4e-06,0.827,13.35
81000,0.057,8.4e-06,0.959,13.39
81200,0.055,8.3e-06,0.928,13.42
81400,0.055,8.3e-06,0.906,13.45
81600,0.051,8.3e-06,0.869,13.48
81800,0.056,8.3e-06,0.948,13.52
82000,0.061,8.3e-06,1.219,13.55
82200,0.058,8.3e-06,0.979,13.58
82400,0.058,8.3e-06,1.019,13.62
82600,0.053,8.3e-06,0.905,13.65
82800,0.056,8.3e-06,0.966,13.68
83000,0.059,8.3e-06,0.969,13.72
83200,0.066,8.3e-06,1.178,13.75
83400,0.053,8.3e-06,1.028,13.78
83600,0.057,8.3e-06,1.062,13.82
83800,0.05,8.2e-06,0.84,13.85
84000,0.057,8.2e-06,1.302,13.88
84200,0.053,8.2e-06,0.869,13.91
84400,0.053,8.2e-06,0.871,13.95
84600,0.057,8.2e-06,0.941,13.98
84800,0.053,8.2e-06,0.978,14.01
85000,0.048,8.2e-06,0.824,14.05
85200,0.046,8.2e-06,0.813,14.08
85400,0.059,8.2e-06,0.986,14.11
85600,0.052,8.2e-06,0.855,14.15
85800,0.053,8.2e-06,0.808,14.18
86000,0.057,8.2e-06,0.925,14.21
86200,0.062,8.1e-06,1.032,14.24
86400,0.05,8.1e-06,0.916,14.28
86600,0.055,8.1e-06,0.924,14.31
86800,0.05,8.1e-06,0.805,14.34
87000,0.05,8.1e-06,0.856,14.38
87200,0.053,8.1e-06,0.882,14.41
87400,0.051,8.1e-06,0.843,14.44
87600,0.055,8.1e-06,0.897,14.48
87800,0.045,8.1e-06,0.815,14.51
88000,0.053,8.1e-06,0.892,14.54
88200,0.055,8.1e-06,0.994,14.58
88400,0.05,8.1e-06,0.809,14.61
88600,0.052,8.1e-06,0.862,14.64
88800,0.058,8e-06,1.684,14.67
89000,0.051,8e-06,0.874,14.71
89200,0.053,8e-06,0.903,14.74
89400,0.054,8e-06,0.863,14.77
89600,0.056,8e-06,0.911,14.81
89800,0.052,8e-06,0.919,14.84
90000,0.053,8e-06,0.898,14.87
90200,0.06,8e-06,0.954,14.91
90400,0.05,8e-06,1.016,14.94
90600,0.05,8e-06,0.848,14.97
90800,0.051,8e-06,0.941,15.0
91000,0.052,8e-06,0.889,15.04
91200,0.05,7.9e-06,0.859,15.07
91400,0.053,7.9e-06,0.902,15.1
91600,0.05,7.9e-06,0.942,15.14
91800,0.049,7.9e-06,0.862,15.17
92000,0.049,7.9e-06,0.879,15.2
92200,0.05,7.9e-06,0.82,15.24
92400,0.052,7.9e-06,0.838,15.27
92600,0.048,7.9e-06,0.776,15.3
92800,0.053,7.9e-06,0.857,15.34
93000,0.048,7.9e-06,0.798,15.37
93200,0.045,7.9e-06,0.765,15.4
93400,0.05,7.9e-06,0.863,15.43
93600,0.051,7.8e-06,0.871,15.47
93800,0.046,7.8e-06,0.766,15.5
94000,0.05,7.8e-06,0.885,15.53
94200,0.048,7.8e-06,0.734,15.57
94400,0.047,7.8e-06,0.8,15.6
94600,0.051,7.8e-06,1.056,15.63
94800,0.052,7.8e-06,0.821,15.67
95000,0.047,7.8e-06,0.837,15.7
95200,0.051,7.8e-06,0.905,15.73
95400,0.046,7.8e-06,0.888,15.77
95600,0.049,7.8e-06,0.885,15.8
95800,0.047,7.8e-06,0.778,15.83
96000,0.05,7.7e-06,0.828,15.86
96200,0.049,7.7e-06,0.825,15.9
96400,0.043,7.7e-06,0.716,15.93
96600,0.049,7.7e-06,0.816,15.96
96800,0.045,7.7e-06,0.785,16.0
97000,0.047,7.7e-06,0.815,16.03
97200,0.045,7.7e-06,0.778,16.06
97400,0.048,7.7e-06,0.837,16.1
97600,0.047,7.7e-06,0.787,16.13
97800,0.047,7.7e-06,0.854,16.16
98000,0.048,7.7e-06,0.821,16.19
98200,0.047,7.6e-06,0.835,16.23
98400,0.044,7.6e-06,0.756,16.26
98600,0.044,7.6e-06,0.887,16.29
98800,0.045,7.6e-06,0.762,16.33
99000,0.045,7.6e-06,0.754,16.36
99200,0.052,7.6e-06,0.839,16.39
99400,0.04,7.6e-06,0.699,16.43
99600,0.051,7.6e-06,0.785,16.46
99800,0.044,7.6e-06,0.753,16.49
100000,0.048,7.6e-06,0.818,16.53
100200,0.043,7.6e-06,0.695,16.56
100400,0.048,7.5e-06,0.777,16.59
100600,0.045,7.5e-06,0.771,16.62
100800,0.044,7.5e-06,0.748,16.66
101000,0.051,7.5e-06,0.989,16.69
101200,0.043,7.5e-06,0.729,16.72
101400,0.049,7.5e-06,0.787,16.76
101600,0.049,7.5e-06,0.885,16.79
101800,0.049,7.5e-06,0.792,16.82
102000,0.042,7.5e-06,0.697,16.86
102200,0.045,7.5e-06,0.755,16.89
102400,0.048,7.5e-06,0.763,16.92
102600,0.039,7.5e-06,0.677,16.95
102800,0.045,7.4e-06,0.774,16.99
103000,0.049,7.4e-06,0.917,17.02
103200,0.04,7.4e-06,0.669,17.05
103400,0.044,7.4e-06,0.767,17.09
103600,0.045,7.4e-06,0.737,17.12
103800,0.045,7.4e-06,0.746,17.15
104000,0.046,7.4e-06,0.728,17.19
104200,0.046,7.4e-06,0.799,17.22
104400,0.042,7.4e-06,0.742,17.25
104600,0.044,7.4e-06,0.74,17.29
104800,0.042,7.4e-06,0.674,17.32
105000,0.048,7.3e-06,0.797,17.35
105200,0.046,7.3e-06,0.792,17.38
105400,0.046,7.3e-06,0.996,17.42
105600,0.042,7.3e-06,0.698,17.45
105800,0.048,7.3e-06,0.982,17.48
106000,0.043,7.3e-06,0.733,17.52
106200,0.041,7.3e-06,0.687,17.55
106400,0.044,7.3e-06,0.839,17.58
106600,0.038,7.3e-06,0.633,17.62
106800,0.047,7.3e-06,1.021,17.65
107000,0.041,7.3e-06,0.689,17.68
107200,0.046,7.2e-06,0.803,17.71
107400,0.043,7.2e-06,0.722,17.75
107600,0.042,7.2e-06,0.732,17.78
107800,0.05,7.2e-06,0.888,17.81
108000,0.04,7.2e-06,0.692,17.85
108200,0.038,7.2e-06,0.781,17.88
108400,0.042,7.2e-06,0.746,17.91
108600,0.041,7.2e-06,0.734,17.95
108800,0.041,7.2e-06,0.717,17.98
109000,0.04,7.2e-06,0.749,18.01
109200,0.044,7.1e-06,0.759,18.05
109400,0.041,7.1e-06,0.742,18.08
109600,0.042,7.1e-06,0.697,18.11
109800,0.039,7.1e-06,0.681,18.14
110000,0.04,7.1e-06,0.694,18.18
110200,0.044,7.1e-06,0.784,18.21
110400,0.038,7.1e-06,0.715,18.24
110600,0.042,7.1e-06,0.669,18.28
110800,0.041,7.1e-06,0.737,18.31
111000,0.039,7.1e-06,0.693,18.34
111200,0.037,7.1e-06,0.666,18.38
111400,0.042,7e-06,0.704,18.41
111600,0.042,7e-06,0.702,18.44
111800,0.04,7e-06,0.652,18.48
112000,0.04,7e-06,0.674,18.51
112200,0.043,7e-06,0.75,18.54
112400,0.036,7e-06,0.659,18.57
112600,0.042,7e-06,0.789,18.61
112800,0.04,7e-06,0.713,18.64
113000,0.044,7e-06,0.812,18.67
113200,0.039,7e-06,0.689,18.71
113400,0.039,7e-06,0.705,18.74
113600,0.04,6.9e-06,0.709,18.77
113800,0.041,6.9e-06,0.723,18.81
114000,0.04,6.9e-06,0.699,18.84
114200,0.043,6.9e-06,0.902,18.87
114400,0.045,6.9e-06,0.745,18.9
114600,0.036,6.9e-06,0.701,18.94
114800,0.039,6.9e-06,0.682,18.97
115000,0.042,6.9e-06,0.632,19.0
115200,0.035,6.9e-06,0.623,19.04
115400,0.036,6.9e-06,0.626,19.07
115600,0.038,6.8e-06,0.68,19.1
115800,0.041,6.8e-06,0.834,19.14
116000,0.037,6.8e-06,0.649,19.17
116200,0.037,6.8e-06,0.657,19.2
116400,0.04,6.8e-06,0.674,19.24
116600,0.037,6.8e-06,0.64,19.27
116800,0.035,6.8e-06,0.648,19.3
117000,0.037,6.8e-06,0.65,19.33
117200,0.042,6.8e-06,0.712,19.37
117400,0.039,6.8e-06,0.703,19.4
117600,0.037,6.8e-06,0.682,19.43
117800,0.037,6.7e-06,0.68,19.47
118000,0.037,6.7e-06,0.643,19.5
118200,0.037,6.7e-06,0.697,19.53
118400,0.04,6.7e-06,0.692,19.57
118600,0.034,6.7e-06,0.575,19.6
118800,0.037,6.7e-06,0.621,19.63
119000,0.038,6.7e-06,0.665,19.66
119200,0.039,6.7e-06,0.677,19.7
119400,0.038,6.7e-06,0.723,19.73
119600,0.04,6.7e-06,0.698,19.76
119800,0.038,6.6e-06,0.692,19.8
120000,0.035,6.6e-06,0.616,19.83
120200,0.038,6.6e-06,0.697,19.86
120400,0.038,6.6e-06,0.668,19.9
120600,0.034,6.6e-06,0.613,19.93
120800,0.037,6.6e-06,0.623,19.96
121000,0.037,6.6e-06,0.762,20.0
121200,0.039,6.6e-06,0.795,20.03
121400,0.037,6.6e-06,0.67,20.06
121600,0.033,6.6e-06,0.597,20.09
121800,0.034,6.5e-06,0.659,20.13
122000,0.035,6.5e-06,0.763,20.16
122200,0.036,6.5e-06,0.694,20.19
122400,0.032,6.5e-06,0.596,20.23
122600,0.036,6.5e-06,0.659,20.26
122800,0.036,6.5e-06,0.652,20.29
123000,0.037,6.5e-06,0.815,20.33
123200,0.036,6.5e-06,0.653,20.36
123400,0.035,6.5e-06,0.695,20.39
123600,0.033,6.5e-06,0.722,20.43
123800,0.035,6.5e-06,0.725,20.46
124000,0.041,6.4e-06,0.768,20.49
124200,0.037,6.4e-06,0.739,20.52
124400,0.037,6.4e-06,0.642,20.56
124600,0.035,6.4e-06,0.627,20.59
124800,0.038,6.4e-06,0.894,20.62
125000,0.037,6.4e-06,0.664,20.66
125200,0.035,6.4e-06,0.784,20.69
125400,0.039,6.4e-06,0.632,20.72
125600,0.033,6.4e-06,0.635,20.76
125800,0.034,6.4e-06,0.617,20.79
126000,0.035,6.3e-06,0.624,20.82
126200,0.039,6.3e-06,0.816,20.85
126400,0.038,6.3e-06,0.705,20.89
126600,0.032,6.3e-06,0.596,20.92
126800,0.036,6.3e-06,0.672,20.95
127000,0.036,6.3e-06,0.592,20.99
127200,0.038,6.3e-06,0.762,21.02
127400,0.034,6.3e-06,0.672,21.05
127600,0.033,6.3e-06,0.576,21.09
127800,0.034,6.3e-06,0.6,21.12
128000,0.034,6.2e-06,0.6,21.15
128200,0.034,6.2e-06,0.635,21.19
128400,0.032,6.2e-06,0.604,21.22
128600,0.033,6.2e-06,0.586,21.25
128800,0.037,6.2e-06,0.696,21.28
129000,0.034,6.2e-06,0.572,21.32
129200,0.037,6.2e-06,0.645,21.35
129400,0.03,6.2e-06,0.544,21.38
129600,0.034,6.2e-06,0.546,21.42
129800,0.035,6.2e-06,0.662,21.45
130000,0.037,6.1e-06,0.666,21.48
130200,0.032,6.1e-06,0.599,21.52
130400,0.034,6.1e-06,0.634,21.55
130600,0.033,6.1e-06,0.61,21.58
130800,0.033,6.1e-06,0.584,21.61
131000,0.033,6.1e-06,0.57,21.65
131200,0.031,6.1e-06,0.541,21.68
131400,0.032,6.1e-06,0.548,21.71
131600,0.04,6.1e-06,0.687,21.75
131800,0.033,6.1e-06,0.672,21.78
132000,0.035,6e-06,0.57,21.81
132200,0.036,6e-06,0.806,21.85
132400,0.031,6e-06,0.615,21.88
132600,0.031,6e-06,0.579,21.91
132800,0.032,6e-06,0.532,21.95
133000,0.034,6e-06,0.589,21.98
133200,0.031,6e-06,0.543,22.01
133400,0.031,6e-06,0.548,22.04
133600,0.03,6e-06,0.537,22.08
133800,0.032,6e-06,0.59,22.11
134000,0.031,5.9e-06,0.594,22.14
134200,0.033,5.9e-06,0.7,22.18
134400,0.031,5.9e-06,0.543,22.21
134600,0.032,5.9e-06,0.568,22.24
134800,0.031,5.9e-06,0.552,22.28
135000,0.031,5.9e-06,0.575,22.31
135200,0.033,5.9e-06,0.598,22.34
135400,0.034,5.9e-06,0.627,22.38
135600,0.028,5.9e-06,0.511,22.41
135800,0.03,5.9e-06,0.558,22.44
136000,0.034,5.8e-06,0.614,22.47
136200,0.034,5.8e-06,0.588,22.51
136400,0.034,5.8e-06,0.614,22.54
136600,0.031,5.8e-06,0.544,22.57
136800,0.031,5.8e-06,0.565,22.61
137000,0.033,5.8e-06,0.612,22.64
137200,0.03,5.8e-06,0.558,22.67
137400,0.029,5.8e-06,0.544,22.71
137600,0.029,5.8e-06,0.506,22.74
137800,0.033,5.8e-06,0.692,22.77
138000,0.032,5.7e-06,0.575,22.8
138200,0.032,5.7e-06,0.581,22.84
138400,0.034,5.7e-06,0.664,22.87
138600,0.03,5.7e-06,0.566,22.9
138800,0.03,5.7e-06,0.528,22.94
139000,0.03,5.7e-06,0.541,22.97
139200,0.03,5.7e-06,0.613,23.0
139400,0.028,5.7e-06,0.539,23.04
139600,0.029,5.7e-06,0.51,23.07
139800,0.031,5.6e-06,0.552,23.1
140000,0.03,5.6e-06,0.544,23.14
140200,0.029,5.6e-06,0.543,23.17
140400,0.032,5.6e-06,0.58,23.2
140600,0.029,5.6e-06,0.525,23.23
140800,0.03,5.6e-06,0.583,23.27
141000,0.033,5.6e-06,0.624,23.3
141200,0.028,5.6e-06,0.519,23.33
141400,0.031,5.6e-06,0.614,23.37
141600,0.031,5.6e-06,0.566,23.4
141800,0.031,5.5e-06,0.56,23.43
142000,0.032,5.5e-06,0.851,23.47
142200,0.028,5.5e-06,0.562,23.5
142400,0.029,5.5e-06,0.537,23.53
142600,0.028,5.5e-06,0.522,23.56
142800,0.03,5.5e-06,0.536,23.6
143000,0.03,5.5e-06,0.638,23.63
143200,0.029,5.5e-06,0.574,23.66
143400,0.028,5.5e-06,0.567,23.7
143600,0.033,5.5e-06,0.598,23.73
143800,0.03,5.4e-06,0.575,23.76
144000,0.03,5.4e-06,0.579,23.8
144200,0.03,5.4e-06,0.58,23.83
144400,0.027,5.4e-06,0.566,23.86
144600,0.029,5.4e-06,0.56,23.9
144800,0.03,5.4e-06,0.531,23.93
145000,0.027,5.4e-06,0.501,23.96
145200,0.027,5.4e-06,0.541,23.99
145400,0.028,5.4e-06,0.582,24.03
145600,0.025,5.4e-06,0.603,24.06
145800,0.03,5.3e-06,0.588,24.09
146000,0.027,5.3e-06,0.517,24.13
146200,0.027,5.3e-06,0.49,24.16
146400,0.027,5.3e-06,0.534,24.19
146600,0.026,5.3e-06,0.482,24.23
146800,0.031,5.3e-06,0.576,24.26
147000,0.026,5.3e-06,0.5,24.29
147200,0.029,5.3e-06,0.542,24.33
147400,0.029,5.3e-06,0.554,24.36
147600,0.026,5.3e-06,0.477,24.39
147800,0.026,5.2e-06,0.512,24.42
148000,0.028,5.2e-06,0.562,24.46
148200,0.029,5.2e-06,0.528,24.49
148400,0.028,5.2e-06,0.566,24.52
148600,0.029,5.2e-06,0.547,24.56
148800,0.025,5.2e-06,0.473,24.59
149000,0.027,5.2e-06,0.523,24.62
149200,0.03,5.2e-06,0.6,24.66
149400,0.029,5.2e-06,0.671,24.69
149600,0.028,5.2e-06,0.548,24.72
149800,0.029,5.1e-06,0.525,24.75
150000,0.027,5.1e-06,0.516,24.79
150200,0.025,5.1e-06,0.471,24.82
150400,0.026,5.1e-06,0.527,24.85
150600,0.026,5.1e-06,0.512,24.89
150800,0.031,5.1e-06,0.572,24.92
151000,0.027,5.1e-06,0.518,24.95
151200,0.026,5.1e-06,0.495,24.99
151400,0.026,5.1e-06,0.487,25.02
151600,0.028,5e-06,0.516,25.05
151800,0.025,5e-06,0.471,25.09
152000,0.026,5e-06,0.484,25.12
152200,0.026,5e-06,0.526,25.15
152400,0.025,5e-06,0.51,25.18
152600,0.027,5e-06,0.522,25.22
152800,0.024,5e-06,0.457,25.25
153000,0.027,5e-06,0.561,25.28
153200,0.026,5e-06,0.492,25.32
153400,0.027,5e-06,0.509,25.35
153600,0.025,4.9e-06,0.449,25.38
153800,0.027,4.9e-06,0.489,25.42
154000,0.026,4.9e-06,0.52,25.45
154200,0.03,4.9e-06,0.592,25.48
154400,0.025,4.9e-06,0.586,25.51
154600,0.025,4.9e-06,0.474,25.55
154800,0.024,4.9e-06,0.469,25.58
155000,0.028,4.9e-06,0.56,25.61
155200,0.025,4.9e-06,0.498,25.65
155400,0.024,4.9e-06,0.479,25.68
155600,0.025,4.8e-06,0.478,25.71
155800,0.025,4.8e-06,0.503,25.75
156000,0.025,4.8e-06,0.491,25.78
156200,0.026,4.8e-06,0.527,25.81
156400,0.024,4.8e-06,0.497,25.85
156600,0.025,4.8e-06,0.507,25.88
156800,0.025,4.8e-06,0.459,25.91
157000,0.026,4.8e-06,0.544,25.94
157200,0.027,4.8e-06,0.518,25.98
157400,0.024,4.8e-06,0.471,26.01
157600,0.027,4.7e-06,0.501,26.04
157800,0.024,4.7e-06,0.448,26.08
158000,0.026,4.7e-06,0.574,26.11
158200,0.023,4.7e-06,0.45,26.14
158400,0.025,4.7e-06,0.489,26.18
158600,0.023,4.7e-06,0.461,26.21
158800,0.026,4.7e-06,0.509,26.24
159000,0.022,4.7e-06,0.446,26.28
159200,0.024,4.7e-06,0.456,26.31
159400,0.025,4.7e-06,0.491,26.34
159600,0.024,4.6e-06,0.46,26.37
159800,0.023,4.6e-06,0.537,26.41
160000,0.025,4.6e-06,0.492,26.44
160200,0.025,4.6e-06,0.566,26.47
160400,0.023,4.6e-06,0.456,26.51
160600,0.024,4.6e-06,0.461,26.54
160800,0.025,4.6e-06,0.48,26.57
161000,0.023,4.6e-06,0.471,26.61
161200,0.023,4.6e-06,0.501,26.64
161400,0.024,4.5e-06,0.646,26.67
161600,0.025,4.5e-06,0.497,26.7
161800,0.025,4.5e-06,0.488,26.74
162000,0.024,4.5e-06,0.449,26.77
162200,0.024,4.5e-06,0.45,26.8
162400,0.022,4.5e-06,0.431,26.84
162600,0.022,4.5e-06,0.436,26.87
162800,0.022,4.5e-06,0.432,26.9
163000,0.023,4.5e-06,0.448,26.94
163200,0.023,4.5e-06,0.409,26.97
163400,0.022,4.4e-06,0.446,27.0
163600,0.021,4.4e-06,0.447,27.04
163800,0.023,4.4e-06,0.481,27.07
164000,0.023,4.4e-06,0.45,27.1
164200,0.02,4.4e-06,0.409,27.13
164400,0.022,4.4e-06,0.43,27.17
164600,0.023,4.4e-06,0.484,27.2
164800,0.026,4.4e-06,0.499,27.23
165000,0.022,4.4e-06,0.416,27.27
165200,0.022,4.4e-06,0.41,27.3
165400,0.022,4.3e-06,0.455,27.33
165600,0.021,4.3e-06,0.412,27.37
165800,0.02,4.3e-06,0.388,27.4
166000,0.022,4.3e-06,0.479,27.43
166200,0.021,4.3e-06,0.43,27.46
166400,0.023,4.3e-06,0.449,27.5
166600,0.022,4.3e-06,0.448,27.53
166800,0.022,4.3e-06,0.445,27.56
167000,0.021,4.3e-06,0.484,27.6
167200,0.022,4.3e-06,0.495,27.63
167400,0.023,4.2e-06,0.461,27.66
167600,0.023,4.2e-06,0.497,27.7
167800,0.021,4.2e-06,0.441,27.73
168000,0.022,4.2e-06,0.463,27.76
168200,0.024,4.2e-06,0.481,27.8
168400,0.021,4.2e-06,0.444,27.83
168600,0.025,4.2e-06,0.498,27.86
168800,0.022,4.2e-06,0.456,27.89
169000,0.025,4.2e-06,0.504,27.93
169200,0.022,4.2e-06,0.469,27.96
169400,0.021,4.1e-06,0.441,27.99
169600,0.02,4.1e-06,0.399,28.03
169800,0.021,4.1e-06,0.399,28.06
170000,0.02,4.1e-06,0.402,28.09
170200,0.02,4.1e-06,0.404,28.13
170400,0.02,4.1e-06,0.412,28.16
170600,0.02,4.1e-06,0.403,28.19
170800,0.021,4.1e-06,0.421,28.22
171000,0.022,4.1e-06,0.464,28.26
171200,0.021,4.1e-06,0.424,28.29
171400,0.02,4e-06,0.406,28.32
171600,0.023,4e-06,0.469,28.36
171800,0.021,4e-06,0.443,28.39
172000,0.022,4e-06,0.486,28.42
172200,0.02,4e-06,0.405,28.46
172400,0.021,4e-06,0.436,28.49
172600,0.02,4e-06,0.411,28.52
172800,0.019,4e-06,0.404,28.56
173000,0.019,4e-06,0.416,28.59
173200,0.022,4e-06,0.444,28.62
173400,0.02,3.9e-06,0.394,28.65
173600,0.02,3.9e-06,0.421,28.69
173800,0.021,3.9e-06,0.423,28.72
174000,0.021,3.9e-06,0.435,28.75
174200,0.021,3.9e-06,0.425,28.79
174400,0.024,3.9e-06,0.545,28.82
174600,0.019,3.9e-06,0.396,28.85
174800,0.02,3.9e-06,0.425,28.89
175000,0.021,3.9e-06,0.425,28.92
175200,0.02,3.9e-06,0.433,28.95
175400,0.022,3.8e-06,0.45,28.99
175600,0.022,3.8e-06,0.47,29.02
175800,0.019,3.8e-06,0.421,29.05
176000,0.021,3.8e-06,0.439,29.08
176200,0.018,3.8e-06,0.385,29.12
176400,0.02,3.8e-06,0.446,29.15
176600,0.018,3.8e-06,0.377,29.18
176800,0.019,3.8e-06,0.378,29.22
177000,0.019,3.8e-06,0.398,29.25
177200,0.019,3.8e-06,0.492,29.28
177400,0.018,3.8e-06,0.395,29.32
177600,0.019,3.7e-06,0.384,29.35
177800,0.017,3.7e-06,0.403,29.38
178000,0.021,3.7e-06,0.429,29.41
178200,0.017,3.7e-06,0.355,29.45
178400,0.02,3.7e-06,0.452,29.48
178600,0.019,3.7e-06,0.385,29.51
178800,0.019,3.7e-06,0.388,29.55
179000,0.02,3.7e-06,0.412,29.58
179200,0.02,3.7e-06,0.415,29.61
179400,0.019,3.7e-06,0.373,29.65
179600,0.019,3.6e-06,0.412,29.68
179800,0.02,3.6e-06,0.421,29.71
180000,0.017,3.6e-06,0.365,29.75
180200,0.019,3.6e-06,0.415,29.78
180400,0.02,3.6e-06,0.415,29.81
180600,0.02,3.6e-06,0.436,29.84
180800,0.019,3.6e-06,0.41,29.88
181000,0.018,3.6e-06,0.378,29.91
181200,0.019,3.6e-06,0.411,29.94
181400,0.019,3.6e-06,0.41,29.98
181600,0.019,3.5e-06,0.404,30.01
181800,0.018,3.5e-06,0.388,30.04
182000,0.019,3.5e-06,0.397,30.08
182200,0.019,3.5e-06,0.415,30.11
182400,0.017,3.5e-06,0.345,30.14
182600,0.017,3.5e-06,0.341,30.17
182800,0.016,3.5e-06,0.347,30.21
183000,0.02,3.5e-06,0.43,30.24
183200,0.017,3.5e-06,0.347,30.27
183400,0.018,3.5e-06,0.392,30.31
183600,0.019,3.4e-06,0.428,30.34
183800,0.018,3.4e-06,0.371,30.37
184000,0.018,3.4e-06,0.383,30.41
184200,0.018,3.4e-06,0.446,30.44
184400,0.017,3.4e-06,0.362,30.47
184600,0.018,3.4e-06,0.41,30.51
184800,0.017,3.4e-06,0.382,30.54
185000,0.017,3.4e-06,0.39,30.57
185200,0.019,3.4e-06,0.393,30.6
185400,0.017,3.4e-06,0.366,30.64
185600,0.017,3.4e-06,0.397,30.67
185800,0.018,3.3e-06,0.406,30.7
186000,0.016,3.3e-06,0.359,30.74
186200,0.018,3.3e-06,0.4,30.77
186400,0.018,3.3e-06,0.392,30.8
186600,0.017,3.3e-06,0.343,30.84
186800,0.017,3.3e-06,0.37,30.87
187000,0.018,3.3e-06,0.392,30.9
187200,0.017,3.3e-06,0.394,30.94
187400,0.018,3.3e-06,0.39,30.97
187600,0.018,3.3e-06,0.385,31.0
187800,0.016,3.2e-06,0.354,31.03
188000,0.016,3.2e-06,0.349,31.07
188200,0.017,3.2e-06,0.374,31.1
188400,0.017,3.2e-06,0.402,31.13
188600,0.016,3.2e-06,0.359,31.17
188800,0.016,3.2e-06,0.362,31.2
189000,0.016,3.2e-06,0.358,31.23
189200,0.016,3.2e-06,0.35,31.27
189400,0.017,3.2e-06,0.385,31.3
189600,0.017,3.2e-06,0.369,31.33
189800,0.017,3.2e-06,0.388,31.36
190000,0.017,3.1e-06,0.394,31.4
190200,0.016,3.1e-06,0.333,31.43
190400,0.016,3.1e-06,0.354,31.46
190600,0.017,3.1e-06,0.385,31.5
190800,0.015,3.1e-06,0.356,31.53
191000,0.018,3.1e-06,0.402,31.56
191200,0.019,3.1e-06,0.535,31.6
191400,0.016,3.1e-06,0.348,31.63
191600,0.016,3.1e-06,0.352,31.66
191800,0.016,3.1e-06,0.348,31.7
192000,0.017,3.1e-06,0.38,31.73
192200,0.016,3e-06,0.372,31.76
192400,0.016,3e-06,0.363,31.79
192600,0.016,3e-06,0.349,31.83
192800,0.015,3e-06,0.317,31.86
193000,0.015,3e-06,0.332,31.89
193200,0.017,3e-06,0.363,31.93
193400,0.015,3e-06,0.35,31.96
193600,0.015,3e-06,0.345,31.99
193800,0.015,3e-06,0.342,32.03
194000,0.015,3e-06,0.354,32.06
194200,0.016,3e-06,0.365,32.09
194400,0.019,2.9e-06,0.414,32.12
194600,0.015,2.9e-06,0.331,32.16
194800,0.015,2.9e-06,0.332,32.19
195000,0.015,2.9e-06,0.32,32.22
195200,0.016,2.9e-06,0.346,32.26
195400,0.015,2.9e-06,0.355,32.29
195600,0.015,2.9e-06,0.367,32.32
195800,0.016,2.9e-06,0.401,32.36
196000,0.015,2.9e-06,0.33,32.39
196200,0.016,2.9e-06,0.38,32.42
196400,0.016,2.9e-06,0.319,32.46
196600,0.015,2.8e-06,0.345,32.49
196800,0.016,2.8e-06,0.352,32.52
197000,0.015,2.8e-06,0.347,32.55
197200,0.015,2.8e-06,0.377,32.59
197400,0.015,2.8e-06,0.335,32.62
197600,0.015,2.8e-06,0.33,32.65
197800,0.015,2.8e-06,0.355,32.69
198000,0.015,2.8e-06,0.344,32.72
198200,0.014,2.8e-06,0.32,32.75
198400,0.015,2.8e-06,0.372,32.79
198600,0.015,2.8e-06,0.351,32.82
198800,0.015,2.7e-06,0.355,32.85
199000,0.016,2.7e-06,0.353,32.89
199200,0.015,2.7e-06,0.341,32.92
199400,0.016,2.7e-06,0.377,32.95
199600,0.014,2.7e-06,0.339,32.98
199800,0.015,2.7e-06,0.327,33.02
200000,0.015,2.7e-06,0.344,33.05
200200,0.014,2.7e-06,0.329,33.08
200400,0.014,2.7e-06,0.34,33.12
200600,0.015,2.7e-06,0.336,33.15
200800,0.014,2.7e-06,0.321,33.18
201000,0.014,2.6e-06,0.321,33.22
201200,0.014,2.6e-06,0.317,33.25
201400,0.013,2.6e-06,0.306,33.28
201600,0.016,2.6e-06,0.389,33.31
201800,0.014,2.6e-06,0.316,33.35
202000,0.016,2.6e-06,0.381,33.38
202200,0.015,2.6e-06,0.365,33.41
202400,0.014,2.6e-06,0.317,33.45
202600,0.014,2.6e-06,0.329,33.48
202800,0.014,2.6e-06,0.317,33.51
203000,0.015,2.6e-06,0.352,33.55
203200,0.014,2.6e-06,0.321,33.58
203400,0.015,2.5e-06,0.333,33.61
203600,0.013,2.5e-06,0.317,33.65
203800,0.014,2.5e-06,0.317,33.68
204000,0.014,2.5e-06,0.338,33.71
204200,0.015,2.5e-06,0.366,33.74
204400,0.014,2.5e-06,0.326,33.78
204600,0.013,2.5e-06,0.322,33.81
204800,0.014,2.5e-06,0.335,33.84
205000,0.014,2.5e-06,0.333,33.88
205200,0.014,2.5e-06,0.323,33.91
205400,0.015,2.5e-06,0.364,33.94
205600,0.014,2.4e-06,0.307,33.98
205800,0.014,2.4e-06,0.351,34.01
206000,0.013,2.4e-06,0.337,34.04
206200,0.012,2.4e-06,0.294,34.07
206400,0.014,2.4e-06,0.324,34.11
206600,0.013,2.4e-06,0.317,34.14
206800,0.013,2.4e-06,0.315,34.17
207000,0.013,2.4e-06,0.318,34.21
207200,0.014,2.4e-06,0.321,34.24
207400,0.014,2.4e-06,0.335,34.27
207600,0.013,2.4e-06,0.298,34.31
207800,0.014,2.4e-06,0.332,34.34
208000,0.014,2.3e-06,0.306,34.37
208200,0.013,2.3e-06,0.317,34.41
208400,0.014,2.3e-06,0.339,34.44
208600,0.014,2.3e-06,0.346,34.47
208800,0.014,2.3e-06,0.337,34.5
209000,0.013,2.3e-06,0.34,34.54
209200,0.013,2.3e-06,0.286,34.57
209400,0.014,2.3e-06,0.33,34.6
209600,0.012,2.3e-06,0.309,34.64
209800,0.013,2.3e-06,0.308,34.67
210000,0.013,2.3e-06,0.306,34.7
210200,0.013,2.3e-06,0.314,34.74
210400,0.013,2.2e-06,0.315,34.77
210600,0.013,2.2e-06,0.328,34.8
210800,0.013,2.2e-06,0.315,34.84
211000,0.013,2.2e-06,0.318,34.87
211200,0.013,2.2e-06,0.311,34.9
211400,0.012,2.2e-06,0.316,34.93
211600,0.013,2.2e-06,0.324,34.97
211800,0.013,2.2e-06,0.303,35.0
212000,0.012,2.2e-06,0.29,35.03
212200,0.012,2.2e-06,0.271,35.07
212400,0.012,2.2e-06,0.291,35.1
212600,0.013,2.2e-06,0.306,35.13
212800,0.013,2.1e-06,0.33,35.17
213000,0.012,2.1e-06,0.299,35.2
213200,0.011,2.1e-06,0.263,35.23
213400,0.012,2.1e-06,0.296,35.26
213600,0.013,2.1e-06,0.294,35.3
213800,0.013,2.1e-06,0.334,35.33
214000,0.014,2.1e-06,0.322,35.36
214200,0.012,2.1e-06,0.28,35.4
214400,0.013,2.1e-06,0.321,35.43
214600,0.012,2.1e-06,0.297,35.46
214800,0.013,2.1e-06,0.317,35.5
215000,0.011,2.1e-06,0.259,35.53
215200,0.012,2.1e-06,0.275,35.56
215400,0.012,2e-06,0.31,35.6
215600,0.012,2e-06,0.29,35.63
215800,0.011,2e-06,0.26,35.66
216000,0.012,2e-06,0.307,35.69
216200,0.012,2e-06,0.312,35.73
216400,0.013,2e-06,0.358,35.76
216600,0.012,2e-06,0.286,35.79
216800,0.012,2e-06,0.306,35.83
217000,0.014,2e-06,0.332,35.86
217200,0.013,2e-06,0.326,35.89
217400,0.013,2e-06,0.323,35.93
217600,0.012,2e-06,0.304,35.96
217800,0.013,2e-06,0.318,35.99
218000,0.012,1.9e-06,0.27,36.02
218200,0.011,1.9e-06,0.274,36.06
218400,0.011,1.9e-06,0.281,36.09
218600,0.011,1.9e-06,0.27,36.12
218800,0.011,1.9e-06,0.292,36.16
219000,0.011,1.9e-06,0.256,36.19
219200,0.012,1.9e-06,0.293,36.22
219400,0.012,1.9e-06,0.282,36.26
219600,0.012,1.9e-06,0.298,36.29
219800,0.012,1.9e-06,0.289,36.32
220000,0.011,1.9e-06,0.274,36.36
220200,0.012,1.9e-06,0.291,36.39
220400,0.011,1.9e-06,0.269,36.42
220600,0.012,1.8e-06,0.296,36.45
220800,0.012,1.8e-06,0.298,36.49
221000,0.012,1.8e-06,0.28,36.52
221200,0.011,1.8e-06,0.293,36.55
221400,0.012,1.8e-06,0.291,36.59
221600,0.011,1.8e-06,0.271,36.62
221800,0.012,1.8e-06,0.305,36.65
222000,0.011,1.8e-06,0.273,36.69
222200,0.011,1.8e-06,0.267,36.72
222400,0.011,1.8e-06,0.263,36.75
222600,0.011,1.8e-06,0.276,36.79
222800,0.012,1.8e-06,0.289,36.82
223000,0.011,1.8e-06,0.286,36.85
223200,0.011,1.7e-06,0.278,36.88
223400,0.011,1.7e-06,0.271,36.92
223600,0.011,1.7e-06,0.276,36.95
223800,0.011,1.7e-06,0.291,36.98
224000,0.01,1.7e-06,0.283,37.02
224200,0.011,1.7e-06,0.272,37.05
224400,0.011,1.7e-06,0.254,37.08
224600,0.011,1.7e-06,0.287,37.12
224800,0.011,1.7e-06,0.301,37.15
225000,0.011,1.7e-06,0.308,37.18
225200,0.01,1.7e-06,0.25,37.21
225400,0.011,1.7e-06,0.303,37.25
225600,0.012,1.7e-06,0.302,37.28
225800,0.01,1.7e-06,0.26,37.31
226000,0.011,1.6e-06,0.281,37.35
226200,0.01,1.6e-06,0.264,37.38
226400,0.011,1.6e-06,0.285,37.41
226600,0.01,1.6e-06,0.263,37.45
226800,0.011,1.6e-06,0.29,37.48
227000,0.011,1.6e-06,0.265,37.51
227200,0.011,1.6e-06,0.299,37.55
227400,0.011,1.6e-06,0.282,37.58
227600,0.01,1.6e-06,0.27,37.61
227800,0.01,1.6e-06,0.259,37.64
228000,0.011,1.6e-06,0.264,37.68
228200,0.011,1.6e-06,0.255,37.71
228400,0.011,1.6e-06,0.253,37.74
228600,0.011,1.6e-06,0.274,37.78
228800,0.01,1.5e-06,0.273,37.81
229000,0.011,1.5e-06,0.273,37.84
229200,0.011,1.5e-06,0.277,37.88
229400,0.01,1.5e-06,0.254,37.91
229600,0.01,1.5e-06,0.252,37.94
229800,0.011,1.5e-06,0.267,37.97
230000,0.01,1.5e-06,0.256,38.01
230200,0.01,1.5e-06,0.253,38.04
230400,0.01,1.5e-06,0.253,38.07
230600,0.01,1.5e-06,0.241,38.11
230800,0.01,1.5e-06,0.264,38.14
231000,0.01,1.5e-06,0.282,38.17
231200,0.01,1.5e-06,0.262,38.21
231400,0.01,1.5e-06,0.283,38.24
231600,0.01,1.5e-06,0.25,38.27
231800,0.01,1.4e-06,0.291,38.31
232000,0.01,1.4e-06,0.289,38.34
232200,0.01,1.4e-06,0.272,38.37
232400,0.01,1.4e-06,0.275,38.4
232600,0.01,1.4e-06,0.262,38.44
232800,0.01,1.4e-06,0.253,38.47
233000,0.01,1.4e-06,0.251,38.5
233200,0.009,1.4e-06,0.241,38.54
233400,0.01,1.4e-06,0.229,38.57
233600,0.01,1.4e-06,0.256,38.6
233800,0.01,1.4e-06,0.242,38.64
234000,0.01,1.4e-06,0.25,38.67
234200,0.01,1.4e-06,0.241,38.7
234400,0.01,1.4e-06,0.284,38.73
234600,0.01,1.4e-06,0.258,38.77
234800,0.01,1.3e-06,0.275,38.8
235000,0.01,1.3e-06,0.239,38.83
235200,0.01,1.3e-06,0.24,38.87
235400,0.01,1.3e-06,0.241,38.9
235600,0.01,1.3e-06,0.247,38.93
235800,0.01,1.3e-06,0.248,38.97
236000,0.01,1.3e-06,0.245,39.0
236200,0.009,1.3e-06,0.233,39.03
236400,0.009,1.3e-06,0.26,39.07
236600,0.009,1.3e-06,0.247,39.1
236800,0.01,1.3e-06,0.255,39.13
237000,0.01,1.3e-06,0.274,39.16
237200,0.009,1.3e-06,0.237,39.2
237400,0.009,1.3e-06,0.245,39.23
237600,0.009,1.3e-06,0.228,39.26
237800,0.009,1.3e-06,0.232,39.3
238000,0.009,1.2e-06,0.242,39.33
238200,0.009,1.2e-06,0.231,39.36
238400,0.009,1.2e-06,0.22,39.4
238600,0.01,1.2e-06,0.304,39.43
238800,0.009,1.2e-06,0.236,39.46
239000,0.009,1.2e-06,0.224,39.5
239200,0.009,1.2e-06,0.232,39.53
239400,0.009,1.2e-06,0.231,39.56
239600,0.009,1.2e-06,0.242,39.59
239800,0.01,1.2e-06,0.244,39.63
240000,0.009,1.2e-06,0.223,39.66
240200,0.009,1.2e-06,0.23,39.69
240400,0.01,1.2e-06,0.284,39.73
240600,0.008,1.2e-06,0.221,39.76
240800,0.01,1.2e-06,0.267,39.79
241000,0.009,1.2e-06,0.244,39.83
241200,0.009,1.1e-06,0.245,39.86
241400,0.009,1.1e-06,0.227,39.89
241600,0.01,1.1e-06,0.255,39.92
241800,0.009,1.1e-06,0.246,39.96
242000,0.009,1.1e-06,0.236,39.99
242200,0.009,1.1e-06,0.248,40.02
242400,0.008,1.1e-06,0.213,40.06
242600,0.009,1.1e-06,0.292,40.09
242800,0.009,1.1e-06,0.243,40.12
243000,0.009,1.1e-06,0.239,40.16
243200,0.009,1.1e-06,0.221,40.19
243400,0.009,1.1e-06,0.224,40.22
243600,0.009,1.1e-06,0.236,40.26
243800,0.009,1.1e-06,0.234,40.29
244000,0.008,1.1e-06,0.202,40.32
244200,0.009,1.1e-06,0.231,40.35
244400,0.009,1.1e-06,0.237,40.39
244600,0.009,1.1e-06,0.249,40.42
244800,0.009,1e-06,0.236,40.45
245000,0.008,1e-06,0.216,40.49
245200,0.009,1e-06,0.24,40.52
245400,0.009,1e-06,0.257,40.55
245600,0.009,1e-06,0.221,40.59
245800,0.009,1e-06,0.227,40.62
246000,0.008,1e-06,0.21,40.65
246200,0.008,1e-06,0.208,40.68
246400,0.009,1e-06,0.219,40.72
246600,0.009,1e-06,0.234,40.75
246800,0.009,9.9e-07,0.241,40.78
247000,0.009,9.8e-07,0.25,40.82
247200,0.009,9.8e-07,0.221,40.85
247400,0.009,9.7e-07,0.23,40.88
247600,0.009,9.7e-07,0.248,40.92
247800,0.009,9.6e-07,0.23,40.95
248000,0.009,9.6e-07,0.216,40.98
248200,0.009,9.5e-07,0.235,41.02
248400,0.008,9.5e-07,0.205,41.05
248600,0.008,9.4e-07,0.19,41.08
248800,0.008,9.4e-07,0.247,41.11
249000,0.008,9.3e-07,0.22,41.15
249200,0.008,9.3e-07,0.212,41.18
249400,0.008,9.2e-07,0.205,41.21
249600,0.009,9.2e-07,0.238,41.25
249800,0.008,9.1e-07,0.189,41.28
250000,0.008,9.1e-07,0.228,41.31
250200,0.008,9e-07,0.23,41.35
250400,0.009,9e-07,0.23,41.38
250600,0.009,8.9e-07,0.229,41.41
250800,0.008,8.9e-07,0.22,41.45
251000,0.008,8.8e-07,0.217,41.48
251200,0.008,8.8e-07,0.211,41.51
251400,0.008,8.7e-07,0.207,41.54
251600,0.008,8.7e-07,0.216,41.58
251800,0.008,8.6e-07,0.216,41.61
252000,0.008,8.6e-07,0.207,41.64
252200,0.009,8.5e-07,0.246,41.68
252400,0.008,8.5e-07,0.218,41.71
252600,0.009,8.4e-07,0.213,41.74
252800,0.008,8.4e-07,0.202,41.78
253000,0.008,8.3e-07,0.228,41.81
253200,0.008,8.3e-07,0.214,41.84
253400,0.008,8.2e-07,0.222,41.87
253600,0.008,8.2e-07,0.2,41.91
253800,0.008,8.1e-07,0.212,41.94
254000,0.008,8.1e-07,0.206,41.97
254200,0.008,8e-07,0.211,42.01
254400,0.008,8e-07,0.205,42.04
254600,0.008,7.9e-07,0.199,42.07
254800,0.008,7.9e-07,0.187,42.11
255000,0.008,7.8e-07,0.228,42.14
255200,0.008,7.8e-07,0.204,42.17
255400,0.008,7.7e-07,0.22,42.21
255600,0.008,7.7e-07,0.185,42.24
255800,0.008,7.7e-07,0.208,42.27
256000,0.008,7.6e-07,0.22,42.3
256200,0.008,7.6e-07,0.193,42.34
256400,0.007,7.5e-07,0.194,42.37
256600,0.008,7.5e-07,0.201,42.4
256800,0.008,7.4e-07,0.21,42.44
257000,0.008,7.4e-07,0.299,42.47
257200,0.008,7.3e-07,0.199,42.5
257400,0.008,7.3e-07,0.204,42.54
257600,0.008,7.2e-07,0.221,42.57
257800,0.008,7.2e-07,0.217,42.6
258000,0.008,7.2e-07,0.203,42.63
258200,0.008,7.1e-07,0.21,42.67
258400,0.008,7.1e-07,0.252,42.7
258600,0.008,7e-07,0.202,42.73
258800,0.008,7e-07,0.212,42.77
259000,0.008,6.9e-07,0.226,42.8
259200,0.008,6.9e-07,0.223,42.83
259400,0.008,6.9e-07,0.218,42.87
259600,0.008,6.8e-07,0.237,42.9
259800,0.008,6.8e-07,0.216,42.93
260000,0.008,6.7e-07,0.206,42.97
260200,0.008,6.7e-07,0.207,43.0
260400,0.008,6.7e-07,0.208,43.03
260600,0.007,6.6e-07,0.195,43.06
260800,0.008,6.6e-07,0.209,43.1
261000,0.007,6.5e-07,0.182,43.13
261200,0.008,6.5e-07,0.2,43.16
261400,0.007,6.4e-07,0.189,43.2
261600,0.008,6.4e-07,0.197,43.23
261800,0.008,6.4e-07,0.217,43.26
262000,0.008,6.3e-07,0.217,43.3
262200,0.008,6.3e-07,0.21,43.33
262400,0.007,6.2e-07,0.197,43.36
262600,0.008,6.2e-07,0.193,43.4
262800,0.008,6.2e-07,0.195,43.43
263000,0.008,6.1e-07,0.212,43.46
263200,0.008,6.1e-07,0.205,43.49
263400,0.007,6.1e-07,0.185,43.53
263600,0.007,6e-07,0.184,43.56
263800,0.007,6e-07,0.198,43.59
264000,0.008,5.9e-07,0.189,43.63
264200,0.007,5.9e-07,0.197,43.66
264400,0.008,5.9e-07,0.192,43.69
264600,0.008,5.8e-07,0.192,43.73
264800,0.008,5.8e-07,0.225,43.76
265000,0.007,5.8e-07,0.192,43.79
265200,0.008,5.7e-07,0.198,43.82
265400,0.007,5.7e-07,0.183,43.86
265600,0.007,5.6e-07,0.178,43.89
265800,0.007,5.6e-07,0.182,43.92
266000,0.007,5.6e-07,0.198,43.96
266200,0.008,5.5e-07,0.213,43.99
266400,0.008,5.5e-07,0.197,44.02
266600,0.008,5.5e-07,0.195,44.06
266800,0.007,5.4e-07,0.181,44.09
267000,0.007,5.4e-07,0.211,44.12
267200,0.007,5.4e-07,0.189,44.16
267400,0.007,5.3e-07,0.199,44.19
267600,0.007,5.3e-07,0.192,44.22
267800,0.008,5.3e-07,0.205,44.25
268000,0.007,5.2e-07,0.177,44.29
268200,0.007,5.2e-07,0.176,44.32
268400,0.007,5.2e-07,0.187,44.35
268600,0.007,5.1e-07,0.222,44.39
268800,0.007,5.1e-07,0.178,44.42
269000,0.007,5.1e-07,0.179,44.45
269200,0.007,5e-07,0.187,44.49
269400,0.008,5e-07,0.198,44.52
269600,0.007,5e-07,0.198,44.55
269800,0.007,4.9e-07,0.181,44.58
270000,0.007,4.9e-07,0.201,44.62
270200,0.007,4.9e-07,0.177,44.65
270400,0.007,4.8e-07,0.179,44.68
270600,0.007,4.8e-07,0.187,44.72
270800,0.007,4.8e-07,0.183,44.75
271000,0.007,4.7e-07,0.189,44.78
271200,0.007,4.7e-07,0.203,44.82
271400,0.007,4.7e-07,0.205,44.85
271600,0.007,4.7e-07,0.195,44.88
271800,0.007,4.6e-07,0.187,44.92
272000,0.007,4.6e-07,0.201,44.95
272200,0.008,4.6e-07,0.189,44.98
272400,0.007,4.5e-07,0.175,45.01
272600,0.007,4.5e-07,0.18,45.05
272800,0.007,4.5e-07,0.188,45.08
273000,0.007,4.4e-07,0.189,45.11
273200,0.007,4.4e-07,0.174,45.15
273400,0.008,4.4e-07,0.193,45.18
273600,0.007,4.4e-07,0.185,45.21
273800,0.007,4.3e-07,0.185,45.25
274000,0.007,4.3e-07,0.189,45.28
274200,0.007,4.3e-07,0.207,45.31
274400,0.007,4.3e-07,0.191,45.35
274600,0.007,4.2e-07,0.182,45.38
274800,0.007,4.2e-07,0.164,45.41
275000,0.011,4.2e-07,0.559,45.44
275200,0.007,4.1e-07,0.204,45.48
275400,0.007,4.1e-07,0.186,45.51
275600,0.007,4.1e-07,0.179,45.54
275800,0.007,4.1e-07,0.177,45.58
276000,0.007,4e-07,0.182,45.61
276200,0.007,4e-07,0.205,45.64
276400,0.007,4e-07,0.189,45.68
276600,0.007,4e-07,0.167,45.71
276800,0.007,3.9e-07,0.191,45.74
277000,0.007,3.9e-07,0.196,45.77
277200,0.007,3.9e-07,0.185,45.81
277400,0.007,3.9e-07,0.203,45.84
277600,0.007,3.8e-07,0.188,45.87
277800,0.007,3.8e-07,0.173,45.91
278000,0.007,3.8e-07,0.188,45.94
278200,0.007,3.8e-07,0.185,45.97
278400,0.007,3.8e-07,0.175,46.01
278600,0.007,3.7e-07,0.191,46.04
278800,0.007,3.7e-07,0.196,46.07
279000,0.007,3.7e-07,0.174,46.11
279200,0.007,3.7e-07,0.172,46.14
279400,0.007,3.6e-07,0.203,46.17
279600,0.007,3.6e-07,0.181,46.2
279800,0.007,3.6e-07,0.169,46.24
280000,0.007,3.6e-07,0.179,46.27
280200,0.007,3.6e-07,0.18,46.3
280400,0.007,3.5e-07,0.203,46.34
280600,0.007,3.5e-07,0.185,46.37
280800,0.007,3.5e-07,0.204,46.4
281000,0.007,3.5e-07,0.199,46.44
281200,0.007,3.5e-07,0.188,46.47
281400,0.007,3.4e-07,0.195,46.5
281600,0.007,3.4e-07,0.191,46.53
281800,0.007,3.4e-07,0.184,46.57
282000,0.007,3.4e-07,0.191,46.6
282200,0.007,3.4e-07,0.203,46.63
282400,0.007,3.3e-07,0.185,46.67
282600,0.007,3.3e-07,0.199,46.7
282800,0.007,3.3e-07,0.17,46.73
283000,0.007,3.3e-07,0.164,46.77
283200,0.007,3.3e-07,0.17,46.8
283400,0.007,3.2e-07,0.187,46.83
283600,0.007,3.2e-07,0.184,46.87
283800,0.007,3.2e-07,0.178,46.9
284000,0.007,3.2e-07,0.185,46.93
284200,0.007,3.2e-07,0.202,46.96
284400,0.007,3.2e-07,0.179,47.0
284600,0.007,3.1e-07,0.167,47.03
284800,0.007,3.1e-07,0.183,47.06
285000,0.007,3.1e-07,0.186,47.1
285200,0.007,3.1e-07,0.165,47.13
285400,0.007,3.1e-07,0.169,47.16
285600,0.007,3.1e-07,0.199,47.2
285800,0.007,3e-07,0.173,47.23
286000,0.007,3e-07,0.162,47.26
286200,0.007,3e-07,0.186,47.3
286400,0.007,3e-07,0.181,47.33
286600,0.007,3e-07,0.179,47.36
286800,0.007,3e-07,0.167,47.39
287000,0.007,3e-07,0.201,47.43
287200,0.007,2.9e-07,0.185,47.46
287400,0.007,2.9e-07,0.171,47.49
287600,0.007,2.9e-07,0.193,47.53
287800,0.007,2.9e-07,0.179,47.56
288000,0.007,2.9e-07,0.17,47.59
288200,0.007,2.9e-07,0.191,47.63
288400,0.007,2.9e-07,0.172,47.66
288600,0.007,2.9e-07,0.166,47.69
288800,0.007,2.8e-07,0.172,47.72
289000,0.007,2.8e-07,0.181,47.76
289200,0.007,2.8e-07,0.195,47.79
289400,0.007,2.8e-07,0.182,47.82
289600,0.007,2.8e-07,0.16,47.86
289800,0.007,2.8e-07,0.19,47.89
290000,0.007,2.8e-07,0.163,47.92
290200,0.007,2.8e-07,0.179,47.96
290400,0.007,2.8e-07,0.177,47.99
290600,0.007,2.7e-07,0.187,48.02
290800,0.006,2.7e-07,0.169,48.06
291000,0.007,2.7e-07,0.18,48.09
291200,0.007,2.7e-07,0.168,48.12
291400,0.007,2.7e-07,0.166,48.15
291600,0.007,2.7e-07,0.193,48.19
291800,0.007,2.7e-07,0.172,48.22
292000,0.007,2.7e-07,0.164,48.25
292200,0.006,2.7e-07,0.159,48.29
292400,0.007,2.7e-07,0.171,48.32
292600,0.007,2.7e-07,0.181,48.35
292800,0.006,2.6e-07,0.155,48.39
293000,0.007,2.6e-07,0.183,48.42
293200,0.007,2.6e-07,0.162,48.45
293400,0.007,2.6e-07,0.171,48.48
293600,0.007,2.6e-07,0.167,48.52
293800,0.007,2.6e-07,0.173,48.55
294000,0.007,2.6e-07,0.173,48.58
294200,0.007,2.6e-07,0.187,48.62
294400,0.007,2.6e-07,0.164,48.65
294600,0.007,2.6e-07,0.166,48.68
294800,0.007,2.6e-07,0.175,48.72
295000,0.006,2.6e-07,0.169,48.75
295200,0.007,2.6e-07,0.184,48.78
295400,0.007,2.6e-07,0.194,48.82
295600,0.007,2.6e-07,0.167,48.85
295800,0.007,2.5e-07,0.183,48.88
296000,0.006,2.5e-07,0.168,48.91
296200,0.007,2.5e-07,0.182,48.95
296400,0.007,2.5e-07,0.182,48.98
296600,0.007,2.5e-07,0.2,49.01
296800,0.006,2.5e-07,0.165,49.05
297000,0.007,2.5e-07,0.162,49.08
297200,0.007,2.5e-07,0.161,49.11
297400,0.007,2.5e-07,0.179,49.15
297600,0.006,2.5e-07,0.161,49.18
297800,0.007,2.5e-07,0.174,49.21
298000,0.007,2.5e-07,0.214,49.25
298200,0.007,2.5e-07,0.171,49.28
298400,0.006,2.5e-07,0.167,49.31
298600,0.007,2.5e-07,0.169,49.34
298800,0.007,2.5e-07,0.17,49.38
299000,0.006,2.5e-07,0.181,49.41
299200,0.006,2.5e-07,0.174,49.44
299400,0.007,2.5e-07,0.163,49.48
299600,0.007,2.5e-07,0.174,49.51
299800,0.006,2.5e-07,0.164,49.54
300000,0.007,2.5e-07,0.171,49.58
