episode_id,session,order,t_start,duration_s,operator,status,quality,domain,first_fail,n_candidate_segments,n_bimanual_segments,split
20260915_161954_000001,20260915_161954,RBP,2026-09-15T16:20:17+0900,35.478,op01,KEEP,PASS,early_precalibration,,10,0,
20260915_171744_000001,20260915_171744,RBP,2026-09-15T17:17:54+0900,34.398,op01,KEEP,PASS,early_precalibration,,10,0,
20260915_171744_000002,20260915_171744,RPB,2026-09-15T17:18:55+0900,26.184,op01,KEEP,PASS,early_precalibration,,7,0,
20260915_171744_000004,20260915_171744,BRP,2026-09-15T17:20:01+0900,27.214,op01,KEEP,PASS,early_precalibration,no_segment,0,0,
20260915_171744_000005,20260915_171744,BPR,2026-09-15T17:20:34+0900,21.273,op01,KEEP,PASS,early_precalibration,sync_pass,0,0,
20260915_171744_000006,20260915_171744,PRB,2026-09-15T17:21:02+0900,19.412,op01,KEEP,PASS,early_precalibration,sync_pass,0,0,
20260916_090424_000001,20260916_090424,RBP,2026-09-16T09:05:03+0900,25.433,op01,KEEP,PASS,early_precalibration,,2,1,val
20260916_090424_000003,20260916_090424,RPB,2026-09-16T09:06:19+0900,24.118,op01,KEEP,PASS,early_precalibration,sync_pass,0,0,
20260916_090424_000004,20260916_090424,BRP,2026-09-16T09:06:55+0900,22.488,op01,KEEP,PASS,early_precalibration,sync_pass,0,0,
20260916_090424_000005,20260916_090424,BPR,2026-09-16T09:07:28+0900,21.757,op01,KEEP,PASS,early_precalibration,sync_pass,0,0,
20260916_090424_000006,20260916_090424,PRB,2026-09-16T09:08:10+0900,25.195,op01,KEEP,PASS,early_precalibration,,7,3,train
20260916_090424_000007,20260916_090424,PBR,2026-09-16T09:08:47+0900,20.201,op01,KEEP,PASS,early_precalibration,,1,0,
20260916_090424_000008,20260916_090424,RBP,2026-09-16T09:09:15+0900,19.87,op01,KEEP,PASS,early_precalibration,,2,0,
20260916_090424_000009,20260916_090424,RPB,2026-09-16T09:09:55+0900,19.751,op01,KEEP,PASS,early_precalibration,,3,0,
20260916_090424_000010,20260916_090424,BRP,2026-09-16T09:10:24+0900,23.313,op01,KEEP,PASS,early_precalibration,,4,3,train
20260916_105608_000001,20260916_105608,RBP,2026-09-16T10:56:56+0900,20.154,op01,KEEP,PASS,early_precalibration,,6,4,val
20260916_105608_000003,20260916_105608,RPB,2026-09-16T11:09:32+0900,21.737,op01,KEEP,PASS,early_precalibration,,5,1,train
20260916_105608_000004,20260916_105608,BRP,2026-09-16T11:10:13+0900,21.985,op01,KEEP,PASS,early_precalibration,,6,1,train
20260916_112115_000001,20260916_112115,RBP,2026-09-16T11:21:58+0900,21.066,op01,KEEP,PASS,early_precalibration,,8,3,train
20260916_112115_000002,20260916_112115,RPB,2026-09-16T11:22:34+0900,19.521,op01,KEEP,PASS,early_precalibration,,4,2,train
20260916_112115_000003,20260916_112115,BRP,2026-09-16T11:36:59+0900,22.93,op01,KEEP,PASS,early_precalibration,,6,3,train
20260916_112115_000004,20260916_112115,BPR,2026-09-16T11:37:37+0900,27.972,op01,KEEP,PASS,early_precalibration,,8,2,val
20260916_112115_000005,20260916_112115,PRB,2026-09-16T11:38:21+0900,22.755,op01,KEEP,PASS,early_precalibration,,5,1,train
20260916_121003_000001,20260916_121003,RBP,2026-09-16T12:10:31+0900,13.04,op01,KEEP,PASS,early_precalibration,,5,3,train
20260916_121003_000003,20260916_121003,RPB,2026-09-16T12:11:52+0900,13.064,op01,KEEP,PASS,early_precalibration,,6,3,train
20260916_121003_000004,20260916_121003,BRP,2026-09-16T12:12:32+0900,13.059,op01,KEEP,PASS,early_precalibration,,5,0,
20260916_121832_000001,20260916_121832,RBP,2026-09-16T12:18:51+0900,16.049,op01,KEEP,PASS,early_precalibration,,4,2,train
20260916_121832_000002,20260916_121832,RPB,2026-09-16T12:19:56+0900,16.074,op01,KEEP,PASS,early_precalibration,,4,3,train
20260916_122225_000001,20260916_122225,RBP,2026-09-16T12:22:40+0900,18.022,op01,KEEP,PASS,early_precalibration,,1,1,train
20260916_122225_000002,20260916_122225,RPB,2026-09-16T12:23:12+0900,18.063,op01,KEEP,PASS,early_precalibration,,4,2,train
20260916_122225_000003,20260916_122225,BRP,2026-09-16T12:23:43+0900,18.049,op01,KEEP,PASS,early_precalibration,,4,1,train
20260916_122225_000004,20260916_122225,BPR,2026-09-16T12:24:13+0900,18.05,op01,KEEP,PASS,early_precalibration,,5,3,val
20260916_122225_000005,20260916_122225,PRB,2026-09-16T12:24:43+0900,2.22,op01,KEEP,PASS,early_precalibration,sync_pass,0,0,
20260916_125236_000001,20260916_125236,RBP,2026-09-16T12:52:56+0900,23.017,op01,KEEP,PASS,early_precalibration,,5,2,train
20260916_125236_000002,20260916_125236,RPB,2026-09-16T12:53:30+0900,23.055,op01,KEEP,PASS,early_precalibration,,6,3,train
20260916_125236_000003,20260916_125236,BRP,2026-09-16T12:54:04+0900,23.055,op01,KEEP,PASS,early_precalibration,,2,1,train
20260916_125236_000004,20260916_125236,BPR,2026-09-16T12:54:39+0900,23.054,op01,KEEP,PASS,early_precalibration,,3,2,train
20260916_125236_000005,20260916_125236,PRB,2026-09-16T12:55:15+0900,23.053,op01,KEEP,PASS,early_precalibration,,2,1,train
20260916_125236_000006,20260916_125236,PBR,2026-09-16T12:55:54+0900,23.049,op01,KEEP,PASS,early_precalibration,,4,2,train
20260916_125236_000007,20260916_125236,RBP,2026-09-16T12:56:37+0900,23.057,op01,KEEP,PASS,early_precalibration,,4,3,train
20260916_125236_000008,20260916_125236,RPB,2026-09-16T12:57:11+0900,23.052,op01,KEEP,PASS,early_precalibration,,5,2,train
20260916_125236_000009,20260916_125236,BRP,2026-09-16T12:57:46+0900,23.048,op01,KEEP,PASS,early_precalibration,,3,2,train
20260916_125236_000010,20260916_125236,BPR,2026-09-16T12:58:21+0900,23.049,op01,KEEP,PASS,early_precalibration,,6,1,train
20260916_125236_000011,20260916_125236,PRB,2026-09-16T12:58:57+0900,1.179,op01,KEEP,REVIEW,early_precalibration,sync_pass,0,0,
20260916_125236_000012,20260916_125236,PBR,2026-09-16T13:05:45+0900,23.053,op01,KEEP,PASS,early_precalibration,,2,1,train
20260916_125236_000013,20260916_125236,RBP,2026-09-16T13:06:32+0900,23.057,op01,KEEP,PASS,early_precalibration,,6,2,train
20260916_125236_000014,20260916_125236,RPB,2026-09-16T13:33:31+0900,23.053,op01,KEEP,PASS,early_precalibration,,7,5,train
20260916_125236_000015,20260916_125236,BRP,2026-09-16T13:34:05+0900,23.043,op01,KEEP,PASS,early_precalibration,,5,1,train
20260916_125236_000016,20260916_125236,BPR,2026-09-16T13:34:39+0900,23.043,op01,KEEP,PASS,early_precalibration,,3,1,train
20260916_125236_000017,20260916_125236,PRB,2026-09-16T13:35:22+0900,23.051,op01,KEEP,PASS,early_precalibration,sync_pass,0,0,
20260916_125236_000018,20260916_125236,PBR,2026-09-16T13:35:59+0900,23.043,op01,KEEP,PASS,early_precalibration,sync_pass,0,0,
20260916_140419_000001,20260916_140419,RBP,2026-09-16T14:04:50+0900,23.015,op01,KEEP,PASS,main_calibrated,,1,1,train
20260916_140419_000002,20260916_140419,RPB,2026-09-16T14:05:24+0900,23.049,op01,KEEP,PASS,main_calibrated,,1,0,
20260916_140419_000003,20260916_140419,BRP,2026-09-16T14:06:00+0900,23.051,op01,KEEP,PASS,main_calibrated,sync_pass,0,0,
20260916_140419_000004,20260916_140419,BPR,2026-09-16T14:06:34+0900,23.048,op01,KEEP,PASS,main_calibrated,,3,0,
20260916_140419_000005,20260916_140419,PRB,2026-09-16T14:07:08+0900,23.046,op01,KEEP,PASS,main_calibrated,,2,0,
20260916_140419_000006,20260916_140419,PBR,2026-09-16T14:07:42+0900,23.038,op01,KEEP,PASS,main_calibrated,,7,2,train
20260916_140419_000007,20260916_140419,RBP,2026-09-16T14:08:17+0900,23.047,op01,KEEP,PASS,main_calibrated,,5,2,train
20260916_140419_000008,20260916_140419,RPB,2026-09-16T14:08:51+0900,23.044,op01,KEEP,PASS,main_calibrated,,3,1,train
20260916_140419_000009,20260916_140419,BRP,2026-09-16T14:09:28+0900,23.037,op01,KEEP,PASS,main_calibrated,,4,3,train
20260916_140419_000010,20260916_140419,BPR,2026-09-16T14:10:06+0900,23.038,op01,KEEP,PASS,main_calibrated,,6,3,train
20260916_140419_000011,20260916_140419,PRB,2026-09-16T14:10:40+0900,23.057,op01,KEEP,PASS,main_calibrated,,5,1,train
20260916_140419_000012,20260916_140419,PBR,2026-09-16T14:11:14+0900,23.056,op01,KEEP,PASS,main_calibrated,,1,0,
20260916_140419_000013,20260916_140419,RBP,2026-09-16T14:11:52+0900,23.053,op01,KEEP,PASS,main_calibrated,,1,1,train
20260916_140419_000014,20260916_140419,RPB,2026-09-16T14:12:26+0900,23.055,op01,KEEP,PASS,main_calibrated,,2,1,val
20260916_140419_000015,20260916_140419,BRP,2026-09-16T14:13:05+0900,23.054,op01,KEEP,PASS,main_calibrated,,6,3,train
20260916_140419_000016,20260916_140419,BPR,2026-09-16T14:13:40+0900,23.053,op01,KEEP,PASS,main_calibrated,,5,2,train
20260916_140419_000017,20260916_140419,PRB,2026-09-16T14:14:14+0900,23.055,op01,KEEP,PASS,main_calibrated,,2,1,train
20260916_140419_000018,20260916_140419,PBR,2026-09-16T14:14:48+0900,23.062,op01,KEEP,PASS,main_calibrated,,7,5,train
20260916_142318_000001,20260916_142318,RBP,2026-09-16T14:23:38+0900,23.021,op01,KEEP,PASS,early_precalibration,,4,1,train
20260916_142318_000002,20260916_142318,RPB,2026-09-16T14:24:12+0900,23.053,op01,KEEP,PASS,early_precalibration,,7,4,train
20260916_142318_000003,20260916_142318,BRP,2026-09-16T14:24:48+0900,23.046,op01,KEEP,PASS,early_precalibration,,7,3,train
20260916_142318_000004,20260916_142318,BPR,2026-09-16T14:25:40+0900,23.049,op01,KEEP,PASS,early_precalibration,,6,4,train
20260916_170333_000001,20260916_170333,RBP,2026-09-16T17:04:15+0900,23.018,op01,KEEP,PASS,main_calibrated,,4,2,train
20260916_170333_000002,20260916_170333,RPB,2026-09-16T17:04:50+0900,23.037,op01,KEEP,PASS,main_calibrated,,6,2,train
20260916_170333_000003,20260916_170333,BRP,2026-09-16T17:05:24+0900,23.047,op01,KEEP,PASS,main_calibrated,,2,1,train
20260916_170333_000004,20260916_170333,BPR,2026-09-16T17:05:59+0900,23.039,op01,KEEP,PASS,main_calibrated,sync_pass,0,0,
20260916_170333_000005,20260916_170333,PRB,2026-09-16T17:06:33+0900,23.047,op01,KEEP,PASS,main_calibrated,sync_pass,0,0,
20260916_170333_000006,20260916_170333,PBR,2026-09-16T17:07:08+0900,23.042,op01,KEEP,PASS,main_calibrated,,1,1,train
20260916_170333_000007,20260916_170333,RBP,2026-09-16T17:07:42+0900,23.051,op01,KEEP,PASS,main_calibrated,,5,3,train
20260916_170333_000008,20260916_170333,RPB,2026-09-16T17:08:16+0900,23.054,op01,KEEP,PASS,main_calibrated,,6,4,train
20260916_170333_000009,20260916_170333,BRP,2026-09-16T17:08:50+0900,23.042,op01,KEEP,PASS,main_calibrated,,7,3,train
20260916_170333_000010,20260916_170333,BPR,2026-09-16T17:09:25+0900,23.052,op01,KEEP,PASS,main_calibrated,,6,3,train
20260916_170333_000011,20260916_170333,PRB,2026-09-16T17:10:01+0900,23.042,op01,KEEP,PASS,main_calibrated,,5,1,train
20260916_170333_000012,20260916_170333,PBR,2026-09-16T17:10:35+0900,23.05,op01,KEEP,PASS,main_calibrated,,5,2,train
20260916_170333_000013,20260916_170333,RBP,2026-09-16T17:11:09+0900,23.052,op01,KEEP,PASS,main_calibrated,,4,1,train
20260916_170333_000014,20260916_170333,RPB,2026-09-16T17:11:44+0900,23.055,op01,KEEP,PASS,main_calibrated,,1,1,train
20260916_170333_000015,20260916_170333,BRP,2026-09-16T17:12:18+0900,23.056,op01,KEEP,PASS,main_calibrated,,2,1,val
20260916_170333_000016,20260916_170333,BPR,2026-09-16T17:21:43+0900,23.006,op01,KEEP,PASS,main_calibrated,,6,4,train
20260916_170333_000017,20260916_170333,PRB,2026-09-16T17:22:20+0900,23.052,op01,KEEP,PASS,main_calibrated,,6,3,train
20260916_170333_000018,20260916_170333,PBR,2026-09-16T17:22:55+0900,23.051,op01,KEEP,PASS,main_calibrated,,7,4,train
20260916_170333_000019,20260916_170333,RBP,2026-09-16T17:23:29+0900,23.053,op01,KEEP,PASS,main_calibrated,,5,2,train
20260916_170333_000020,20260916_170333,RPB,2026-09-16T17:24:03+0900,23.051,op01,KEEP,PASS,main_calibrated,,5,2,train
20260916_170333_000022,20260916_170333,BRP,2026-09-16T17:25:48+0900,23.048,op01,KEEP,PASS,main_calibrated,sync_pass,0,0,
20260916_170333_000023,20260916_170333,BPR,2026-09-16T17:26:22+0900,23.036,op01,KEEP,PASS,main_calibrated,sync_pass,0,0,
20260916_170333_000024,20260916_170333,PRB,2026-09-16T17:26:56+0900,23.054,op01,KEEP,PASS,main_calibrated,,5,3,train
20260916_170333_000025,20260916_170333,PBR,2026-09-16T17:27:30+0900,23.041,op01,KEEP,PASS,main_calibrated,,4,1,val
20260916_170333_000026,20260916_170333,RBP,2026-09-16T17:28:05+0900,23.052,op01,KEEP,PASS,main_calibrated,,5,2,train
20260916_170333_000027,20260916_170333,RPB,2026-09-16T17:28:39+0900,23.049,op01,KEEP,PASS,main_calibrated,,4,1,train
20260916_170333_000028,20260916_170333,BRP,2026-09-16T17:29:13+0900,23.048,op01,KEEP,PASS,main_calibrated,,2,1,val
20260916_170333_000029,20260916_170333,BPR,2026-09-16T17:29:47+0900,23.048,op01,KEEP,PASS,main_calibrated,,7,3,train
20260916_170333_000030,20260916_170333,PRB,2026-09-16T17:30:22+0900,23.038,op01,KEEP,PASS,main_calibrated,,6,3,train
20260916_170333_000031,20260916_170333,PBR,2026-09-16T17:30:56+0900,23.049,op01,KEEP,PASS,main_calibrated,sync_pass,0,0,
20260916_170333_000032,20260916_170333,RBP,2026-09-16T17:31:25+0900,1.496,op01,KEEP,REVIEW,main_calibrated,sync_pass,0,0,
20260916_170333_000033,20260916_170333,RPB,2026-09-16T17:31:30+0900,0.447,op01,KEEP,REVIEW,main_calibrated,sync_pass,0,0,
20260916_170333_000034,20260916_170333,BRP,2026-09-16T17:35:32+0900,23.05,op01,KEEP,PASS,main_calibrated,,4,1,train
20260916_170333_000035,20260916_170333,BPR,2026-09-16T17:36:08+0900,23.052,op01,KEEP,PASS,main_calibrated,,6,4,train
20260916_170333_000036,20260916_170333,PRB,2026-09-16T17:36:50+0900,23.053,op01,KEEP,PASS,main_calibrated,,1,1,train
20260916_170333_000037,20260916_170333,PBR,2026-09-16T17:37:26+0900,23.05,op01,KEEP,PASS,main_calibrated,sync_pass,0,0,
20260916_170333_000038,20260916_170333,RBP,2026-09-16T17:38:00+0900,23.051,op01,KEEP,PASS,main_calibrated,sync_pass,0,0,
20260916_170333_000039,20260916_170333,RPB,2026-09-16T17:38:34+0900,23.05,op01,KEEP,PASS,main_calibrated,,2,1,train
20260916_170333_000040,20260916_170333,BRP,2026-09-16T17:39:13+0900,23.051,op01,KEEP,PASS,main_calibrated,,6,3,train
20260916_170333_000041,20260916_170333,BPR,2026-09-16T17:39:47+0900,23.051,op01,KEEP,PASS,main_calibrated,,4,3,train
20260916_170333_000042,20260916_170333,PRB,2026-09-16T17:40:22+0900,23.05,op01,KEEP,PASS,main_calibrated,,5,2,train
20260916_170333_000043,20260916_170333,PBR,2026-09-16T17:40:56+0900,23.052,op01,KEEP,PASS,main_calibrated,,5,2,train
20260916_170333_000044,20260916_170333,RBP,2026-09-16T17:41:30+0900,23.047,op01,KEEP,PASS,main_calibrated,,4,2,train
20260917_100511_000001,20260917_100511,RBP,2026-09-17T10:08:52+0900,23.018,op01,KEEP,PASS,main_calibrated,,7,4,train
20260917_100511_000002,20260917_100511,RPB,2026-09-17T10:41:47+0900,23.049,op01,KEEP,PASS,main_calibrated,sync_pass,0,0,
20260917_100511_000003,20260917_100511,BRP,2026-09-17T10:42:26+0900,23.052,op01,KEEP,PASS,main_calibrated,,3,1,train
20260917_100511_000004,20260917_100511,BPR,2026-09-17T10:43:05+0900,23.051,op01,KEEP,PASS,main_calibrated,,6,0,
20260917_100511_000005,20260917_100511,PRB,2026-09-17T10:43:40+0900,23.049,op01,KEEP,PASS,main_calibrated,,3,2,train
20260917_100511_000006,20260917_100511,PBR,2026-09-17T10:44:16+0900,23.047,op01,KEEP,PASS,main_calibrated,,2,1,train
20260917_100511_000007,20260917_100511,RBP,2026-09-17T10:45:00+0900,23.05,op01,KEEP,PASS,main_calibrated,,6,2,train
20260917_100511_000008,20260917_100511,RPB,2026-09-17T10:45:34+0900,23.049,op01,KEEP,PASS,main_calibrated,,6,2,train
20260917_100511_000009,20260917_100511,BRP,2026-09-17T10:47:01+0900,23.05,op01,KEEP,PASS,main_calibrated,sync_pass,0,0,
20260917_100511_000010,20260917_100511,BPR,2026-09-17T10:47:42+0900,23.048,op01,KEEP,PASS,main_calibrated,sync_pass,0,0,
20260917_100511_000011,20260917_100511,PRB,2026-09-17T10:48:20+0900,23.05,op01,KEEP,PASS,main_calibrated,,2,1,train
20260917_100511_000012,20260917_100511,PBR,2026-09-17T10:49:00+0900,23.051,op01,KEEP,PASS,main_calibrated,,7,4,train
20260917_100511_000013,20260917_100511,RBP,2026-09-17T10:49:34+0900,23.048,op01,KEEP,PASS,main_calibrated,,4,3,train
20260917_100511_000014,20260917_100511,RPB,2026-09-17T10:50:10+0900,23.049,op01,KEEP,PASS,main_calibrated,,3,2,train
20260917_100511_000015,20260917_100511,BRP,2026-09-17T10:50:45+0900,23.048,op01,KEEP,PASS,main_calibrated,,5,2,train
20260917_100511_000016,20260917_100511,BPR,2026-09-17T10:51:38+0900,23.048,op01,KEEP,PASS,main_calibrated,,6,0,
20260917_100511_000017,20260917_100511,PRB,2026-09-17T10:52:12+0900,23.048,op01,KEEP,PASS,main_calibrated,,6,2,train
20260917_100511_000018,20260917_100511,PBR,2026-09-17T10:52:48+0900,23.049,op01,KEEP,PASS,main_calibrated,sync_pass,0,0,
20260917_100511_000019,20260917_100511,RBP,2026-09-17T10:53:24+0900,23.048,op01,KEEP,PASS,main_calibrated,sync_pass,0,0,
20260917_100511_000020,20260917_100511,RPB,2026-09-17T10:53:59+0900,23.047,op01,KEEP,PASS,main_calibrated,sync_pass,0,0,
20260917_100511_000021,20260917_100511,BRP,2026-09-17T10:54:34+0900,23.05,op01,KEEP,PASS,main_calibrated,,5,2,train
20260917_100511_000022,20260917_100511,BPR,2026-09-17T10:55:09+0900,23.051,op01,KEEP,PASS,main_calibrated,,3,1,train
20260917_100511_000023,20260917_100511,PRB,2026-09-17T10:55:43+0900,23.042,op01,KEEP,PASS,main_calibrated,,5,1,train
20260917_100511_000024,20260917_100511,PBR,2026-09-17T10:56:18+0900,23.043,op01,KEEP,PASS,main_calibrated,,5,1,train
20260917_100511_000025,20260917_100511,RBP,2026-09-17T10:56:52+0900,23.048,op01,KEEP,PASS,main_calibrated,,4,3,val
20260917_100511_000026,20260917_100511,RPB,2026-09-17T10:58:19+0900,23.048,op01,KEEP,PASS,main_calibrated,,5,2,train
20260917_100511_000027,20260917_100511,BRP,2026-09-17T10:58:53+0900,23.056,op01,KEEP,PASS,main_calibrated,sync_pass,0,0,
20260917_100511_000028,20260917_100511,BPR,2026-09-17T10:59:28+0900,23.041,op01,KEEP,PASS,main_calibrated,sync_pass,0,0,
20260917_100511_000029,20260917_100511,PRB,2026-09-17T11:00:02+0900,23.047,op01,KEEP,PASS,main_calibrated,sync_pass,0,0,
20260917_100511_000030,20260917_100511,PBR,2026-09-17T11:00:36+0900,23.04,op01,KEEP,PASS,main_calibrated,,1,1,train
20260917_100511_000031,20260917_100511,RBP,2026-09-17T11:08:06+0900,23.05,op01,KEEP,PASS,main_calibrated,,6,3,train
20260917_100511_000032,20260917_100511,RPB,2026-09-17T11:08:41+0900,23.052,op01,KEEP,PASS,main_calibrated,,7,3,train
20260917_100511_000033,20260917_100511,BRP,2026-09-17T11:09:15+0900,23.05,op01,KEEP,PASS,main_calibrated,,4,2,train
20260917_100511_000034,20260917_100511,BPR,2026-09-17T11:09:49+0900,23.057,op01,KEEP,PASS,main_calibrated,,5,2,train
20260917_100511_000035,20260917_100511,PRB,2026-09-17T11:10:23+0900,23.046,op01,KEEP,PASS,main_calibrated,,7,3,train
20260917_100511_000036,20260917_100511,PBR,2026-09-17T11:10:58+0900,23.051,op01,KEEP,PASS,main_calibrated,sync_pass,0,0,
20260917_100511_000037,20260917_100511,RBP,2026-09-17T11:11:32+0900,23.054,op01,KEEP,PASS,main_calibrated,no_segment,0,0,
20260917_100511_000038,20260917_100511,RPB,2026-09-17T11:12:07+0900,23.038,op01,KEEP,PASS,main_calibrated,,2,1,train
20260917_100511_000039,20260917_100511,BRP,2026-09-17T11:12:41+0900,23.054,op01,KEEP,PASS,main_calibrated,,6,2,train
20260917_100511_000040,20260917_100511,BPR,2026-09-17T11:13:16+0900,23.042,op01,KEEP,PASS,main_calibrated,,1,1,train
20260917_100511_000041,20260917_100511,PRB,2026-09-17T11:13:50+0900,23.043,op01,KEEP,PASS,main_calibrated,,6,3,train
20260917_100511_000042,20260917_100511,PBR,2026-09-17T11:14:24+0900,23.052,op01,KEEP,PASS,main_calibrated,,7,3,train
20260917_100511_000043,20260917_100511,RBP,2026-09-17T11:15:00+0900,23.034,op01,KEEP,PASS,main_calibrated,,5,2,train
20260917_100511_000044,20260917_100511,RPB,2026-09-17T11:15:37+0900,23.038,op01,KEEP,PASS,main_calibrated,,6,3,train
20260917_100511_000045,20260917_100511,BRP,2026-09-17T11:16:11+0900,23.05,op01,KEEP,PASS,main_calibrated,,6,1,train
20260917_100511_000047,20260917_100511,BPR,2026-09-17T11:18:03+0900,23.051,op01,KEEP,PASS,main_calibrated,,1,1,train
20260917_100511_000048,20260917_100511,PRB,2026-09-17T11:18:38+0900,23.055,op01,KEEP,PASS,main_calibrated,,5,2,train
20260917_100511_000050,20260917_100511,PBR,2026-09-17T11:20:18+0900,23.051,op01,KEEP,PASS,main_calibrated,,6,2,train
20260917_100511_000051,20260917_100511,RBP,2026-09-17T11:20:53+0900,23.053,op01,KEEP,PASS,main_calibrated,,2,1,val
20260917_100511_000052,20260917_100511,RPB,2026-09-17T11:21:27+0900,23.038,op01,KEEP,PASS,main_calibrated,,7,4,train
20260917_100511_000053,20260917_100511,BRP,2026-09-17T12:04:26+0900,23.034,op01,KEEP,PASS,main_calibrated,,4,3,train
20260917_100511_000054,20260917_100511,BPR,2026-09-17T12:05:07+0900,23.052,op01,KEEP,PASS,main_calibrated,sync_pass,0,0,
20260917_100511_000055,20260917_100511,PRB,2026-09-17T12:05:45+0900,23.042,op01,KEEP,PASS,main_calibrated,sync_pass,0,0,
20260917_100511_000056,20260917_100511,PBR,2026-09-17T12:06:55+0900,23.048,op01,KEEP,PASS,main_calibrated,,2,0,
20260917_100511_000057,20260917_100511,RBP,2026-09-17T12:07:29+0900,23.041,op01,KEEP,PASS,main_calibrated,,3,2,val
20260917_100511_000058,20260917_100511,RPB,2026-09-17T12:08:04+0900,23.059,op01,KEEP,PASS,main_calibrated,,7,3,train
20260917_100511_000059,20260917_100511,BRP,2026-09-17T12:08:38+0900,23.039,op01,KEEP,PASS,main_calibrated,,3,0,
20260917_100511_000060,20260917_100511,BPR,2026-09-17T12:09:14+0900,23.041,op01,KEEP,PASS,main_calibrated,,6,2,train
20260917_100511_000061,20260917_100511,PRB,2026-09-17T12:10:08+0900,23.048,op01,KEEP,PASS,main_calibrated,,3,1,train
20260917_100511_000062,20260917_100511,PBR,2026-09-17T12:10:43+0900,23.042,op01,KEEP,PASS,main_calibrated,,6,3,train
20260917_100511_000063,20260917_100511,RBP,2026-09-17T12:11:17+0900,23.049,op01,KEEP,PASS,main_calibrated,sync_pass,0,0,
20260917_100511_000064,20260917_100511,RPB,2026-09-17T12:11:51+0900,23.035,op01,KEEP,PASS,main_calibrated,sync_pass,0,0,
20260917_100511_000065,20260917_100511,BRP,2026-09-17T12:12:26+0900,23.048,op01,KEEP,PASS,main_calibrated,sync_pass,0,0,
20260917_100511_000066,20260917_100511,BPR,2026-09-17T12:13:05+0900,23.046,op01,KEEP,PASS,main_calibrated,,6,1,train
20260917_100511_000067,20260917_100511,PRB,2026-09-17T12:13:39+0900,23.038,op01,KEEP,PASS,main_calibrated,,4,2,train
20260917_100511_000068,20260917_100511,PBR,2026-09-17T12:14:13+0900,23.048,op01,KEEP,PASS,main_calibrated,,5,2,train
20260917_100511_000069,20260917_100511,RBP,2026-09-17T12:14:48+0900,23.038,op01,KEEP,PASS,main_calibrated,,6,2,train
20260917_100511_000070,20260917_100511,RPB,2026-09-17T12:15:22+0900,23.049,op01,KEEP,PASS,main_calibrated,,5,5,train
20260917_100511_000071,20260917_100511,BRP,2026-09-17T12:15:56+0900,23.041,op01,KEEP,PASS,main_calibrated,,6,1,train
20260917_100511_000072,20260917_100511,BPR,2026-09-17T12:16:32+0900,23.044,op01,KEEP,PASS,main_calibrated,,7,4,train
20260917_100511_000073,20260917_100511,PRB,2026-09-17T12:17:08+0900,23.05,op01,KEEP,PASS,main_calibrated,,1,1,train
20260917_100511_000074,20260917_100511,PBR,2026-09-17T12:17:45+0900,23.042,op01,KEEP,PASS,main_calibrated,sync_pass,0,0,
20260917_100511_000075,20260917_100511,RBP,2026-09-17T12:18:25+0900,23.051,op01,KEEP,PASS,main_calibrated,sync_pass,0,0,
20260917_100511_000076,20260917_100511,RPB,2026-09-17T12:19:01+0900,23.047,op01,KEEP,PASS,main_calibrated,no_segment,0,0,
20260917_100511_000077,20260917_100511,BRP,2026-09-17T12:19:38+0900,23.053,op01,KEEP,PASS,main_calibrated,,6,3,val
20260917_135136_000001,20260917_135136,RBP,2026-09-17T13:51:59+0900,23.021,op01,KEEP,PASS,main_calibrated,,1,1,train
20260917_135136_000002,20260917_135136,RPB,2026-09-17T13:54:11+0900,23.053,op01,KEEP,PASS,main_calibrated,,2,1,train
20260917_135136_000003,20260917_135136,BRP,2026-09-17T13:54:45+0900,23.046,op01,KEEP,PASS,main_calibrated,,4,2,train
20260917_135136_000004,20260917_135136,BPR,2026-09-17T13:55:19+0900,23.04,op01,KEEP,PASS,main_calibrated,sync_pass,0,0,
20260917_135136_000005,20260917_135136,PRB,2026-09-17T13:55:54+0900,23.059,op01,KEEP,PASS,main_calibrated,sync_pass,0,0,
20260917_135136_000006,20260917_135136,PBR,2026-09-17T13:56:29+0900,23.042,op01,KEEP,PASS,main_calibrated,sync_pass,0,0,
20260917_135136_000007,20260917_135136,RBP,2026-09-17T13:57:04+0900,23.041,op01,KEEP,PASS,main_calibrated,,4,2,train
20260917_135136_000008,20260917_135136,RPB,2026-09-17T13:57:38+0900,23.052,op01,KEEP,PASS,main_calibrated,,6,2,val
20260917_135136_000009,20260917_135136,BRP,2026-09-17T13:58:12+0900,23.044,op01,KEEP,PASS,main_calibrated,,6,1,train
20260917_135136_000010,20260917_135136,BPR,2026-09-17T13:58:47+0900,23.053,op01,KEEP,PASS,main_calibrated,,6,2,train
20260917_135136_000011,20260917_135136,PRB,2026-09-17T13:59:21+0900,23.048,op01,KEEP,PASS,main_calibrated,,5,1,train
20260917_135136_000012,20260917_135136,PBR,2026-09-17T13:59:55+0900,23.049,op01,KEEP,PASS,main_calibrated,,3,2,train
20260917_135136_000013,20260917_135136,RBP,2026-09-17T14:00:29+0900,23.051,op01,KEEP,PASS,main_calibrated,,5,1,train
20260917_135136_000014,20260917_135136,RPB,2026-09-17T14:01:04+0900,23.041,op01,KEEP,PASS,main_calibrated,sync_pass,0,0,
20260917_135136_000016,20260917_135136,BRP,2026-09-17T14:03:02+0900,23.055,op01,KEEP,PASS,main_calibrated,,7,1,train
20260917_135136_000017,20260917_135136,BPR,2026-09-17T14:03:38+0900,23.049,op01,KEEP,PASS,main_calibrated,,4,2,train
20260917_135136_000018,20260917_135136,PRB,2026-09-17T14:04:14+0900,23.055,op01,KEEP,PASS,main_calibrated,,6,2,val
20260917_135136_000019,20260917_135136,PBR,2026-09-17T14:04:48+0900,23.046,op01,KEEP,PASS,main_calibrated,,5,1,train
20260917_135136_000021,20260917_135136,RBP,2026-09-17T14:46:51+0900,23.042,op01,KEEP,PASS,main_calibrated,,6,2,train
20260917_135136_000022,20260917_135136,RPB,2026-09-17T14:47:28+0900,23.056,op01,KEEP,PASS,main_calibrated,,7,2,train
20260917_135136_000023,20260917_135136,BRP,2026-09-17T14:48:02+0900,23.044,op01,KEEP,PASS,main_calibrated,,5,2,train
20260917_135136_000024,20260917_135136,BPR,2026-09-17T14:48:42+0900,23.048,op01,KEEP,PASS,main_calibrated,,6,3,train
20260917_135136_000025,20260917_135136,PRB,2026-09-17T14:49:17+0900,23.052,op01,KEEP,PASS,main_calibrated,sync_pass,0,0,
20260917_135136_000026,20260917_135136,PBR,2026-09-17T14:49:51+0900,23.04,op01,KEEP,PASS,main_calibrated,sync_pass,0,0,
20260917_135136_000027,20260917_135136,RBP,2026-09-17T14:50:26+0900,23.041,op01,KEEP,PASS,main_calibrated,sync_pass,0,0,
20260917_135136_000029,20260917_135136,RPB,2026-09-17T14:52:52+0900,23.045,op01,KEEP,PASS,main_calibrated,,7,4,train
20260917_135136_000030,20260917_135136,BRP,2026-09-17T14:53:26+0900,23.053,op01,KEEP,PASS,main_calibrated,,6,1,train
20260917_135136_000031,20260917_135136,BPR,2026-09-17T14:54:02+0900,23.041,op01,KEEP,PASS,main_calibrated,,2,0,
20260917_135136_000032,20260917_135136,PRB,2026-09-17T14:54:37+0900,23.056,op01,KEEP,PASS,main_calibrated,,7,3,train
20260917_135136_000033,20260917_135136,PBR,2026-09-17T14:55:11+0900,23.041,op01,KEEP,PASS,main_calibrated,,2,2,val
20260917_135136_000034,20260917_135136,RBP,2026-09-17T14:55:46+0900,23.056,op01,KEEP,PASS,main_calibrated,sync_pass,0,0,
20260917_135136_000035,20260917_135136,RPB,2026-09-17T14:56:22+0900,23.042,op01,KEEP,PASS,main_calibrated,sync_pass,0,0,
20260917_135136_000036,20260917_135136,BRP,2026-09-17T14:56:56+0900,23.047,op01,KEEP,PASS,main_calibrated,,1,1,train
20260917_135136_000037,20260917_135136,BPR,2026-09-17T14:57:30+0900,23.045,op01,KEEP,PASS,main_calibrated,,6,3,train
20260917_135136_000038,20260917_135136,PRB,2026-09-17T14:58:10+0900,23.047,op01,KEEP,PASS,main_calibrated,,5,3,train
20260917_150545_000001,20260917_150545,RBP,2026-09-17T15:06:14+0900,23.004,op01,KEEP,PASS,main_calibrated,,7,2,train
20260917_150545_000002,20260917_150545,RPB,2026-09-17T15:06:48+0900,23.047,op01,KEEP,PASS,main_calibrated,,7,5,train
20260917_150545_000003,20260917_150545,BRP,2026-09-17T15:07:27+0900,23.055,op01,KEEP,PASS,main_calibrated,,6,3,train
20260917_150545_000004,20260917_150545,BPR,2026-09-17T15:08:01+0900,23.042,op01,KEEP,PASS,main_calibrated,,5,2,train
20260917_150545_000005,20260917_150545,PRB,2026-09-17T15:08:40+0900,23.061,op01,KEEP,PASS,main_calibrated,,6,3,train
20260917_150545_000006,20260917_150545,PBR,2026-09-17T15:09:15+0900,23.043,op01,KEEP,PASS,main_calibrated,,6,4,train
20260917_150545_000007,20260917_150545,RBP,2026-09-17T15:09:49+0900,23.058,op01,KEEP,PASS,main_calibrated,,5,2,train
20260917_150545_000008,20260917_150545,RPB,2026-09-17T15:10:23+0900,23.055,op01,KEEP,PASS,main_calibrated,,5,3,train
20260917_150545_000009,20260917_150545,BRP,2026-09-17T15:10:58+0900,23.05,op01,KEEP,PASS,main_calibrated,,7,4,train
20260917_150545_000010,20260917_150545,BPR,2026-09-17T15:11:32+0900,23.041,op01,KEEP,PASS,main_calibrated,,5,2,val
20260917_150545_000011,20260917_150545,PRB,2026-09-17T15:12:07+0900,23.057,op01,KEEP,PASS,main_calibrated,,7,3,train
20260917_150545_000012,20260917_150545,PBR,2026-09-17T15:12:43+0900,23.039,op01,KEEP,PASS,main_calibrated,,7,3,train
20260917_150545_000013,20260917_150545,RBP,2026-09-17T15:13:17+0900,23.053,op01,KEEP,PASS,main_calibrated,,7,2,train
20260917_150545_000014,20260917_150545,RPB,2026-09-17T15:13:56+0900,23.052,op01,KEEP,PASS,main_calibrated,,6,1,train
20260917_150545_000015,20260917_150545,BRP,2026-09-17T15:14:30+0900,23.052,op01,KEEP,PASS,main_calibrated,,7,2,train
20260917_150545_000016,20260917_150545,BPR,2026-09-17T15:15:04+0900,23.046,op01,KEEP,PASS,main_calibrated,,2,2,train
20260917_150545_000017,20260917_150545,PRB,2026-09-17T15:15:39+0900,23.047,op01,KEEP,PASS,main_calibrated,,6,2,train
20260917_150545_000018,20260917_150545,PBR,2026-09-17T15:16:24+0900,23.051,op01,KEEP,PASS,main_calibrated,,1,1,train
20260917_150545_000019,20260917_150545,RBP,2026-09-17T15:16:58+0900,23.04,op01,KEEP,PASS,main_calibrated,,6,4,train
20260917_150545_000020,20260917_150545,RPB,2026-09-17T15:17:32+0900,23.043,op01,KEEP,PASS,main_calibrated,,6,3,val
20260917_150545_000021,20260917_150545,BRP,2026-09-17T15:18:07+0900,23.051,op01,KEEP,PASS,main_calibrated,,7,2,train
20260917_150545_000022,20260917_150545,BPR,2026-09-17T15:18:41+0900,23.053,op01,KEEP,PASS,main_calibrated,,5,1,train
20260917_150545_000023,20260917_150545,PRB,2026-09-17T15:19:16+0900,23.052,op01,KEEP,PASS,main_calibrated,,6,1,train
20260917_150545_000024,20260917_150545,PBR,2026-09-17T15:19:50+0900,23.041,op01,KEEP,PASS,main_calibrated,,5,2,train
20260917_150545_000025,20260917_150545,RBP,2026-09-17T15:20:24+0900,23.047,op01,KEEP,PASS,main_calibrated,,7,3,train
20260917_150545_000026,20260917_150545,RPB,2026-09-17T15:20:58+0900,23.053,op01,KEEP,PASS,main_calibrated,,3,1,train
20260917_150545_000027,20260917_150545,BRP,2026-09-17T15:21:33+0900,23.052,op01,KEEP,PASS,main_calibrated,,6,2,train
20260917_150545_000028,20260917_150545,BPR,2026-09-17T15:22:07+0900,23.052,op01,KEEP,PASS,main_calibrated,,7,3,train
20260917_150545_000029,20260917_150545,PRB,2026-09-17T15:22:42+0900,23.051,op01,KEEP,PASS,main_calibrated,,6,2,train
20260917_150545_000030,20260917_150545,PBR,2026-09-17T15:23:16+0900,23.05,op01,KEEP,PASS,main_calibrated,,6,2,train
20260917_150545_000031,20260917_150545,RBP,2026-09-17T15:23:50+0900,23.05,op01,KEEP,PASS,main_calibrated,,3,2,train
20260917_150545_000032,20260917_150545,RPB,2026-09-17T15:24:24+0900,23.05,op01,KEEP,PASS,main_calibrated,,3,1,train
20260917_150545_000033,20260917_150545,BRP,2026-09-17T15:24:59+0900,23.05,op01,KEEP,PASS,main_calibrated,,3,1,train
20260917_150545_000034,20260917_150545,BPR,2026-09-17T15:25:33+0900,23.048,op01,KEEP,PASS,main_calibrated,,3,3,train
20260917_150545_000035,20260917_150545,PRB,2026-09-17T15:26:08+0900,23.05,op01,KEEP,PASS,main_calibrated,,5,2,train
20260917_150545_000036,20260917_150545,PBR,2026-09-17T15:26:48+0900,23.049,op01,KEEP,PASS,main_calibrated,,2,2,val
20260917_150545_000037,20260917_150545,RBP,2026-09-17T15:27:22+0900,23.056,op01,KEEP,PASS,main_calibrated,,6,3,train
20260917_150545_000038,20260917_150545,RPB,2026-09-17T15:27:56+0900,23.055,op01,KEEP,PASS,main_calibrated,,7,3,val
20260917_150545_000039,20260917_150545,BRP,2026-09-17T15:28:31+0900,23.055,op01,KEEP,PASS,main_calibrated,,5,2,train
20260917_150545_000040,20260917_150545,BPR,2026-09-17T15:29:06+0900,23.057,op01,KEEP,PASS,main_calibrated,,2,1,train
20260917_150545_000041,20260917_150545,PRB,2026-09-17T15:29:40+0900,23.052,op01,KEEP,PASS,main_calibrated,sync_pass,0,0,
20260917_150545_000042,20260917_150545,PBR,2026-09-17T15:30:14+0900,23.054,op01,KEEP,PASS,main_calibrated,sync_pass,0,0,
20260917_150545_000043,20260917_150545,RBP,2026-09-17T15:30:49+0900,23.054,op01,KEEP,PASS,main_calibrated,no_segment,0,0,
20260917_150545_000044,20260917_150545,RPB,2026-09-17T15:31:24+0900,23.055,op01,KEEP,PASS,main_calibrated,,6,2,train
20260917_150545_000045,20260917_150545,BRP,2026-09-17T15:31:59+0900,23.052,op01,KEEP,PASS,main_calibrated,,4,1,train
20260917_150545_000046,20260917_150545,BPR,2026-09-17T15:32:33+0900,23.053,op01,KEEP,PASS,main_calibrated,,7,3,train
20260917_150545_000047,20260917_150545,PRB,2026-09-17T15:33:07+0900,23.054,op01,KEEP,PASS,main_calibrated,,3,2,train
20260917_150545_000048,20260917_150545,PBR,2026-09-17T15:33:41+0900,23.054,op01,KEEP,PASS,main_calibrated,,4,1,train
20260917_150545_000049,20260917_150545,RBP,2026-09-17T15:34:16+0900,23.052,op01,KEEP,PASS,main_calibrated,,2,1,train
20260917_150545_000050,20260917_150545,RPB,2026-09-17T15:34:50+0900,23.049,op01,KEEP,PASS,main_calibrated,,6,1,val
20260917_150545_000052,20260917_150545,BRP,2026-09-17T16:29:48+0900,23.049,op01,KEEP,PASS,main_calibrated,sync_pass,0,0,
20260917_150545_000054,20260917_150545,BPR,2026-09-17T16:31:05+0900,23.052,op01,KEEP,PASS,main_calibrated,sync_pass,0,0,
20260917_150545_000055,20260917_150545,PRB,2026-09-17T16:31:44+0900,23.055,op01,KEEP,PASS,main_calibrated,,6,3,train
20260917_150545_000056,20260917_150545,PBR,2026-09-17T16:32:18+0900,23.055,op01,KEEP,PASS,main_calibrated,,4,2,train
20260917_150545_000057,20260917_150545,RBP,2026-09-17T16:32:52+0900,23.055,op01,KEEP,PASS,main_calibrated,,5,3,train
20260917_150545_000058,20260917_150545,RPB,2026-09-17T16:33:27+0900,23.051,op01,KEEP,PASS,main_calibrated,,6,4,train
20260917_150545_000059,20260917_150545,BRP,2026-09-17T16:34:01+0900,23.056,op01,KEEP,PASS,main_calibrated,,7,3,train
20260917_150545_000060,20260917_150545,BPR,2026-09-17T16:34:35+0900,23.053,op01,KEEP,PASS,main_calibrated,,3,3,train
20260917_150545_000061,20260917_150545,PRB,2026-09-17T16:35:09+0900,23.055,op01,KEEP,PASS,main_calibrated,,4,1,train
20260917_150545_000062,20260917_150545,PBR,2026-09-17T16:35:46+0900,23.055,op01,KEEP,PASS,main_calibrated,sync_pass,0,0,
20260917_150545_000063,20260917_150545,RBP,2026-09-17T16:36:20+0900,23.054,op01,KEEP,PASS,main_calibrated,sync_pass,0,0,
20260917_150545_000064,20260917_150545,RPB,2026-09-17T16:36:58+0900,23.052,op01,KEEP,PASS,main_calibrated,sync_pass,0,0,
20260917_150545_000065,20260917_150545,BRP,2026-09-17T16:37:40+0900,23.053,op01,KEEP,PASS,main_calibrated,,4,1,train
20260917_150545_000066,20260917_150545,BPR,2026-09-17T16:38:14+0900,23.053,op01,KEEP,PASS,main_calibrated,,2,1,train
20260917_150545_000067,20260917_150545,PRB,2026-09-17T16:38:49+0900,23.051,op01,KEEP,PASS,main_calibrated,,7,3,train
20260917_150545_000068,20260917_150545,PBR,2026-09-17T16:39:23+0900,23.049,op01,KEEP,PASS,main_calibrated,,6,2,train
20260917_150545_000069,20260917_150545,RBP,2026-09-17T16:39:57+0900,23.054,op01,KEEP,PASS,main_calibrated,,2,1,train
20260917_150545_000070,20260917_150545,RPB,2026-09-17T16:40:32+0900,23.054,op01,KEEP,PASS,main_calibrated,,6,2,train
20260917_150545_000071,20260917_150545,BRP,2026-09-17T16:41:07+0900,23.049,op01,KEEP,PASS,main_calibrated,,7,3,val
20260917_150545_000072,20260917_150545,BPR,2026-09-17T16:41:41+0900,23.051,op01,KEEP,PASS,main_calibrated,sync_pass,0,0,
20260917_150545_000073,20260917_150545,PRB,2026-09-17T17:11:10+0900,23.048,op01,KEEP,PASS,main_calibrated,,5,1,val
20260917_150545_000074,20260917_150545,PBR,2026-09-17T17:11:45+0900,23.047,op01,KEEP,PASS,main_calibrated,,4,3,train
20260917_150545_000075,20260917_150545,RBP,2026-09-17T17:12:19+0900,23.053,op01,KEEP,PASS,main_calibrated,,4,2,train
20260917_150545_000076,20260917_150545,RPB,2026-09-17T17:12:55+0900,23.052,op01,KEEP,PASS,main_calibrated,,3,0,
20260917_150545_000077,20260917_150545,BRP,2026-09-17T17:13:30+0900,23.05,op01,KEEP,PASS,main_calibrated,,4,2,train
20260917_150545_000078,20260917_150545,BPR,2026-09-17T17:14:04+0900,23.05,op01,KEEP,PASS,main_calibrated,,1,0,
20260917_150545_000079,20260917_150545,PRB,2026-09-17T17:14:38+0900,23.051,op01,KEEP,PASS,main_calibrated,,1,1,train
20260917_150545_000080,20260917_150545,PBR,2026-09-17T17:15:12+0900,23.051,op01,KEEP,PASS,main_calibrated,,4,2,train
20260917_150545_000081,20260917_150545,RBP,2026-09-17T17:15:47+0900,23.049,op01,KEEP,PASS,main_calibrated,,6,4,train
20260917_150545_000082,20260917_150545,RPB,2026-09-17T17:16:21+0900,23.05,op01,KEEP,PASS,main_calibrated,,4,0,
20260917_150545_000083,20260917_150545,BRP,2026-09-17T17:16:55+0900,23.051,op01,KEEP,PASS,main_calibrated,,7,3,train
20260917_150545_000084,20260917_150545,BPR,2026-09-17T17:24:00+0900,23.054,op01,KEEP,PASS,main_calibrated,sync_pass,0,0,
20260917_150545_000085,20260917_150545,PRB,2026-09-17T17:24:35+0900,23.051,op01,KEEP,PASS,main_calibrated,sync_pass,0,0,
20260917_150545_000086,20260917_150545,PBR,2026-09-17T17:25:09+0900,23.054,op01,KEEP,PASS,main_calibrated,sync_pass,0,0,
20260917_150545_000087,20260917_150545,RBP,2026-09-17T17:25:43+0900,23.053,op01,KEEP,PASS,main_calibrated,,4,1,train
20260917_150545_000088,20260917_150545,RPB,2026-09-17T17:26:17+0900,23.047,op01,KEEP,PASS,main_calibrated,,6,3,train
20260917_150545_000089,20260917_150545,BRP,2026-09-17T17:26:52+0900,23.049,op01,KEEP,PASS,main_calibrated,,6,3,train
20260917_150545_000090,20260917_150545,BPR,2026-09-17T17:27:26+0900,23.051,op01,KEEP,PASS,main_calibrated,,6,2,train
20260917_150545_000091,20260917_150545,PRB,2026-09-17T17:28:14+0900,23.045,op01,KEEP,PASS,main_calibrated,,2,1,train
20260917_150545_000092,20260917_150545,PBR,2026-09-17T17:28:48+0900,23.048,op01,KEEP,PASS,main_calibrated,,6,4,val
20260917_150545_000093,20260917_150545,RBP,2026-09-17T17:29:22+0900,23.051,op01,KEEP,PASS,main_calibrated,,5,4,train
20260917_150545_000094,20260917_150545,RPB,2026-09-17T17:29:56+0900,23.05,op01,KEEP,PASS,main_calibrated,,1,1,train
20260917_150545_000095,20260917_150545,BRP,2026-09-17T17:30:31+0900,23.05,op01,KEEP,PASS,main_calibrated,sync_pass,0,0,
20260917_150545_000096,20260917_150545,BPR,2026-09-17T17:31:05+0900,23.046,op01,KEEP,PASS,main_calibrated,sync_pass,0,0,
20260917_150545_000097,20260917_150545,PRB,2026-09-17T17:31:39+0900,23.051,op01,KEEP,PASS,main_calibrated,,2,2,train
20260917_150545_000098,20260917_150545,PBR,2026-09-17T17:32:13+0900,23.048,op01,KEEP,PASS,main_calibrated,,2,1,val
20260917_150545_000099,20260917_150545,RBP,2026-09-17T17:32:48+0900,23.051,op01,KEEP,PASS,main_calibrated,,2,0,
20260917_150545_000100,20260917_150545,RPB,2026-09-17T17:33:22+0900,23.051,op01,KEEP,PASS,main_calibrated,,3,3,train
20260917_150545_000101,20260917_150545,BRP,2026-09-17T17:34:01+0900,23.047,op01,KEEP,PASS,main_calibrated,,7,4,train
20260917_150545_000102,20260917_150545,BPR,2026-09-17T17:40:33+0900,23.049,op01,KEEP,PASS,main_calibrated,,5,4,train
20260917_150545_000103,20260917_150545,PRB,2026-09-17T17:41:08+0900,23.049,op01,KEEP,PASS,main_calibrated,,6,3,train
20260917_150545_000104,20260917_150545,PBR,2026-09-17T17:41:42+0900,23.054,op01,KEEP,PASS,main_calibrated,,6,2,train
20260917_150545_000105,20260917_150545,RBP,2026-09-17T17:42:16+0900,23.048,op01,KEEP,PASS,main_calibrated,sync_pass,0,0,
20260917_150545_000106,20260917_150545,RPB,2026-09-17T17:42:50+0900,23.053,op01,KEEP,PASS,main_calibrated,sync_pass,0,0,
20260917_150545_000107,20260917_150545,BRP,2026-09-17T17:43:25+0900,23.049,op01,KEEP,PASS,main_calibrated,sync_pass,0,0,
20260917_150545_000108,20260917_150545,BPR,2026-09-17T17:43:59+0900,23.052,op01,KEEP,PASS,main_calibrated,,3,0,
20260917_150545_000109,20260917_150545,PRB,2026-09-17T17:44:33+0900,23.05,op01,KEEP,PASS,main_calibrated,,5,3,val
20260917_150545_000110,20260917_150545,PBR,2026-09-17T17:45:07+0900,23.05,op01,KEEP,PASS,main_calibrated,,6,2,train
20260917_150545_000111,20260917_150545,RBP,2026-09-17T17:45:42+0900,23.051,op01,KEEP,PASS,main_calibrated,,7,3,train
20260917_150545_000112,20260917_150545,RPB,2026-09-17T17:46:17+0900,23.048,op01,KEEP,PASS,main_calibrated,,5,5,val
20260917_150545_000113,20260917_150545,BRP,2026-09-17T17:46:52+0900,23.045,op01,KEEP,PASS,main_calibrated,,6,2,train
20260917_150545_000114,20260917_150545,BPR,2026-09-17T17:47:26+0900,23.04,op01,KEEP,PASS,main_calibrated,,7,3,train
20260917_150545_000115,20260917_150545,PRB,2026-09-17T17:48:01+0900,23.05,op01,KEEP,PASS,main_calibrated,,1,1,train
20260917_150545_000116,20260917_150545,PBR,2026-09-17T17:48:35+0900,23.049,op01,KEEP,PASS,main_calibrated,sync_pass,0,0,
20260917_150545_000117,20260917_150545,RBP,2026-09-17T17:49:10+0900,23.05,op01,KEEP,PASS,main_calibrated,,1,1,train
20260917_150545_000118,20260917_150545,RPB,2026-09-17T17:49:44+0900,23.046,op01,KEEP,PASS,main_calibrated,,2,2,train
20260917_150545_000120,20260917_150545,BRP,2026-09-17T17:51:13+0900,23.05,op01,KEEP,PASS,main_calibrated,,3,1,train
20260917_150545_000121,20260917_150545,BPR,2026-09-17T17:51:48+0900,23.049,op01,KEEP,PASS,main_calibrated,,6,2,train
20260917_150545_000122,20260917_150545,PRB,2026-09-17T17:52:22+0900,23.052,op01,KEEP,PASS,main_calibrated,,4,2,train
20260917_150545_000123,20260917_150545,PBR,2026-09-17T17:52:56+0900,23.053,op01,KEEP,PASS,main_calibrated,,6,3,train
20260917_150545_000124,20260917_150545,RBP,2026-09-17T17:53:30+0900,23.116,op01,KEEP,PASS,main_calibrated,sync_pass,0,0,
20260917_150545_000125,20260917_150545,RPB,2026-09-17T17:54:05+0900,23.049,op01,KEEP,PASS,main_calibrated,sync_pass,0,0,
20260917_150545_000126,20260917_150545,BRP,2026-09-17T17:54:39+0900,23.054,op01,KEEP,PASS,main_calibrated,sync_pass,0,0,
