group,ref_slot,slot,exact,max_abs,l2,rel_l2,cos
enc.action_old0:20,6,0,False,0.014653393067419529,0.861941977369811,1.4130413034779037,0.00034449725237265785
enc.action_old0:20,6,1,False,0.014606209937483072,0.8637531099919155,1.411789855301652,-0.0008604264047806183
enc.action_old0:20,6,2,False,0.014642233029007912,0.8576616322841284,1.4098513216497726,0.007554389431526649
enc.action_old0:20,6,3,False,0.014658465050160885,0.8608814301861378,1.414993283861561,0.00019523708084966706
enc.action_old0:20,6,4,False,0.014671937562525272,0.8581324808053554,1.4112912490102039,0.005996144221102695
enc.action_old0:20,6,5,False,0.014690706972032785,0.861583644305719,1.4233077037948858,-0.0064806309526098844
enc.action_old0:20,6,6,True,0.0,0.0,0.0,0.9999999999999905
enc.action_old0:20,6,7,False,0.014569560065865517,0.8624045080316296,1.416146615112531,-0.002390770435787161
enc.action_old0:20,6,8,False,0.014608249999582767,0.8627983611017709,1.4188155339245474,-0.004737049604581983
enc.action_old0:20,6,9,False,0.014593800529837608,0.8673704199066153,1.4237344657541113,-0.0135646454747172
enc.action_old0:20,6,10,False,0.13604617677628994,3.7824253473814773,1.0118745427958182,0.008189307603632928
enc.action_old0:20,6,11,False,0.23275851039215922,3.0811598380050116,1.019921381570702,0.001052044988108219
enc.action_old0:20,6,12,False,0.11943615367636085,2.5189175686120553,1.0291874623354413,0.005477202182288285
enc.action_old0:20,6,13,False,0.20775439403951168,3.9191424366114713,1.0130607377487928,-0.004748214690608106
enc.action_old0:20,6,14,False,0.20254092290997505,3.8553142959644204,1.0132980822418325,-0.003548960696875248
enc.action_old0:20,6,15,False,0.10062658227980137,2.591354697729559,1.0273954881803227,0.005782137085697905
enc.action_old0:20,6,16,False,0.10512918303720653,3.269674879213284,1.0197165724797954,-0.009806651219075977
enc.action_old0:20,6,17,False,0.1242523486725986,2.828801072121196,1.0238441254989037,0.0008115178432779568
enc.action_old0:20,6,18,False,0.014658198226243258,0.8605745257885011,1.420546938222135,-0.003356358112141116
enc.action_old0:20,6,19,False,0.01459515281021595,0.8569007063593133,1.4105194556093479,0.007967828221677358
enc.action_old0:20,6,20,False,0.014625465963035822,0.8624564159050033,1.4166154500952033,-0.0027828495996006335
enc.action_old0:20,6,21,False,0.014678382314741611,0.8663383530924412,1.4152574201150017,-0.00631926027724499
enc.action_old0:20,6,22,False,0.01466033374890685,0.8560676794082461,1.4131578235129354,0.007090324710283385
enc.action_old0:20,6,23,False,0.014561567921191454,0.8583959028898844,1.408972805061027,0.0073226931865136395
enc.action_old0:20,6,24,False,0.014635026454925537,0.8611394615222457,1.419226117892929,-0.003089069584074278
enc.action_old0:20,6,25,False,0.014555910602211952,0.8609653157268902,1.4092933928096583,0.004128817987121264
enc.action_old0:20,6,26,False,0.014631611295044422,0.8551469278630568,1.407607864866852,0.0120417004959187
enc.action_old0:20,6,27,False,0.014637427870184183,0.8621430671306429,1.4161212548682318,-0.002068808093661064
enc.action_old0:20,6,28,False,0.014683736488223076,0.8598440057111006,1.4092445961568723,0.005457475728402652
enc.action_old0:20,6,29,False,0.014662559609860182,0.8580546823085309,1.4094744308553637,0.007364243984644304
enc.action_old0:20,20,0,False,0.01458717230707407,0.858639283945003,1.407626968935085,0.00738155804012822
enc.action_old0:20,20,1,False,0.014570966362953186,0.8560168432380484,1.3991450580850964,0.016386361697402797
enc.action_old0:20,20,2,False,0.014594039414077997,0.8570384465482715,1.4088269092238708,0.008386049847091072
enc.action_old0:20,20,3,False,0.014624296221882105,0.8577004578814527,1.4097648583322684,0.006959315245652367
enc.action_old0:20,20,4,False,0.014585888478904963,0.8577321867289927,1.4106329223069993,0.006311653303673534
enc.action_old0:20,20,5,False,0.014634986408054829,0.8545514089597478,1.4116906834289933,0.009269850738631978
enc.action_old0:20,20,6,False,0.014625465963035822,0.8624564159050033,1.4157448847213714,-0.0027828495996006335
enc.action_old0:20,20,7,False,0.014650310855358839,0.8630552902763762,1.417215258729871,-0.004521517003259173
enc.action_old0:20,20,8,False,0.014606709126383066,0.8598522108530853,1.4139707823272298,0.0014983692616602144
enc.action_old0:20,20,9,False,0.014567899517714977,0.864447577691944,1.4189368024911233,-0.007364029899181709
enc.action_old0:20,20,10,False,0.13753413665108383,3.791216026748054,1.0142262256045953,-0.00653327825938432
enc.action_old0:20,20,11,False,0.23304674011887982,3.0814854924613555,1.0200291792704292,0.0003831463734116223
enc.action_old0:20,20,12,False,0.11468915734440088,2.5142793198148743,1.0272923516860357,0.013161196335072019
enc.action_old0:20,20,13,False,0.21041266899555922,3.9146210201184224,1.011891994942885,0.0026713094481152283
enc.action_old0:20,20,14,False,0.19974368246039376,3.852924838302426,1.0126700574737788,0.0003261593686235132
enc.action_old0:20,20,15,False,0.08937814878299832,2.59939658569216,1.0305838588871454,-0.007954795028069993
enc.action_old0:20,20,16,False,0.10600460297428071,3.260303680215801,1.0167939678555586,0.0057440509911028306
enc.action_old0:20,20,17,False,0.12476067617535591,2.8255030696610763,1.0226504606357387,0.006219496534081575
enc.action_old0:20,20,18,False,0.014629694633185863,0.8647990404606762,1.427520327746458,-0.013857833792535286
enc.action_old0:20,20,19,False,0.014572694897651672,0.8619401890838378,1.4188148022888365,-0.004353652053181693
enc.action_old0:20,20,20,True,0.0,0.0,0.0,0.9999999999999896
enc.action_old0:20,20,21,False,0.014651960227638483,0.8616895633518766,1.4076631191684907,0.0038427239226778947
enc.action_old0:20,20,22,False,0.014538332354277372,0.85669369118527,1.4141912154533063,0.005022894688632905
enc.action_old0:20,20,23,False,0.014538815710693598,0.8599381192049776,1.4115042021007524,0.003140175552764895
enc.action_old0:20,20,24,False,0.014593117404729128,0.8558184420511691,1.4104566558666278,0.008657512381584827
enc.action_old0:20,20,25,False,0.014560542535036802,0.8639447689046756,1.4141703879695549,-0.003390445222003347
enc.action_old0:20,20,26,False,0.01465712208300829,0.862572825817156,1.4198312057025715,-0.005810878649884363
enc.action_old0:20,20,27,False,0.014656607061624527,0.8626402994262569,1.4169379884815627,-0.0038421056583881497
enc.action_old0:20,20,28,False,0.014681851491332054,0.8587252846024357,1.407411063950424,0.007434924902765511
enc.action_old0:20,20,29,False,0.014548053033649921,0.8606267821158179,1.4136994633465627,0.0007900034561228697
enc.proprio,6,0,False,0.1794554591178894,5.781586005582282,1.4006651553950729,0.010682264943429626
enc.proprio,6,1,False,0.17733561992645264,5.805751907002755,1.414273190187034,-0.003137092578633535
enc.proprio,6,2,False,0.16284986585378647,5.774523147132081,1.4060299264333993,0.008075707720468464
enc.proprio,6,3,False,0.172431118786335,5.781819342240549,1.4184923325625398,-0.001978649192894851
enc.proprio,6,4,False,0.17807437106966972,5.773964325020873,1.4190851968875415,-0.0010268029128085983
enc.proprio,6,5,False,0.1663922667503357,5.801307838048051,1.4214596871592093,-0.007463486904626576
enc.proprio,6,6,True,0.0,0.0,0.0,0.9999999999999958
enc.proprio,6,7,False,0.17107434570789337,5.791756799935865,1.4137546979472275,-0.0003562342250485241
enc.proprio,6,8,False,0.1762447953224182,5.769274005611336,1.4082975442652883,0.0073734200765333295
enc.proprio,6,9,False,0.1680186316370964,5.798031419788566,1.4185899915556741,-0.00486472363437431
enc.proprio,6,10,False,0.16129876673221588,5.79875996806389,1.4184120991480471,-0.004865263938386246
enc.proprio,6,11,False,0.1757146194577217,5.7676142901312835,1.4113208886283035,0.005529179266794606
enc.proprio,6,12,False,0.1623266451060772,5.786084187203432,1.4116864003809257,0.0020862183970806586
enc.proprio,6,13,False,0.15434951335191727,5.787815789645984,1.4117032404605818,0.001776133790458551
enc.proprio,6,14,False,0.18125005811452866,5.797967814083803,1.4174565487983426,-0.004051563243350253
enc.proprio,6,15,False,0.16493068262934685,5.809913652756366,1.4178968183665237,-0.006432178999215167
enc.proprio,6,16,False,0.16880787909030914,5.832101993426427,1.4213903908834942,-0.012762479723141568
enc.proprio,6,17,False,0.1877603530883789,5.778689110308564,1.4140500927708086,0.0016928438863634955
enc.proprio,6,18,False,0.17401473224163055,5.808497035082379,1.4262791855571846,-0.012123783021711096
enc.proprio,6,19,False,0.16828657314181328,5.789889581216924,1.4075245190766876,0.004385754177296678
enc.proprio,6,20,False,0.16037219762802124,5.785193649478843,1.4147694452738646,6.000003202827061e-05
enc.proprio,6,21,False,0.17683915793895721,5.793657417257818,1.410526781231033,0.0016063215625369302
enc.proprio,6,22,False,0.15720687061548233,5.777052483617626,1.4095676772258448,0.005139189434575359
enc.proprio,6,23,False,0.18603551387786865,5.802683189531846,1.4110810759314236,-0.00033712037197631417
enc.proprio,6,24,False,0.18375073373317719,5.759618336244496,1.4122551999701505,0.006255496915379409
enc.proprio,6,25,False,0.20086901634931564,5.840125986825307,1.4169925599088542,-0.010996567305262923
enc.proprio,6,26,False,0.17769978195428848,5.749389591649338,1.4026395838138657,0.014769564902593197
enc.proprio,6,27,False,0.1614801473915577,5.79698481645859,1.4161833515803481,-0.0029797475851442755
enc.proprio,6,28,False,0.17861061915755272,5.759234464918151,1.424984745711842,-0.0025624959625760754
enc.proprio,6,29,False,0.17915157228708267,5.74046551578739,1.4094352020123089,0.01154335197325823
enc.proprio,20,0,False,0.23490404337644577,5.791042741689771,1.402956173938555,0.006610983218652831
enc.proprio,20,1,False,0.15625034272670746,5.765276119099731,1.4044133438484578,0.009967385591736844
enc.proprio,20,2,False,0.18360387161374092,5.807131683562058,1.4139697297573346,-0.004004059008956324
enc.proprio,20,3,False,0.15822558850049973,5.776487534775612,1.4171842446476408,-0.0009806772721603965
enc.proprio,20,4,False,0.17774933576583862,5.756080913525579,1.4146899351411453,0.004318354183751785
enc.proprio,20,5,False,0.1644236072897911,5.7548462622696075,1.4100754857317652,0.007768424099352141
enc.proprio,20,6,False,0.16037219762802124,5.785193649478843,1.4135735838101773,6.000003202827061e-05
enc.proprio,20,7,False,0.1745244264602661,5.7965796817203445,1.4149319524515134,-0.0028694400720767994
enc.proprio,20,8,False,0.16513391584157944,5.78100109064715,1.4111601618218932,0.002491958314721202
enc.proprio,20,9,False,0.16776765137910843,5.789221682357628,1.4164345349113538,-0.002661668746193464
enc.proprio,20,10,False,0.16741874068975449,5.804468390160952,1.419808414052287,-0.007696987042950839
enc.proprio,20,11,False,0.17121463268995285,5.778764384130916,1.4140492889304486,0.0008349563743421796
enc.proprio,20,12,False,0.18315722048282623,5.788424556164389,1.4122574026213293,0.0004354909089394532
enc.proprio,20,13,False,0.16248952969908714,5.816392488190247,1.4186733686406752,-0.008956438269402331
enc.proprio,20,14,False,0.1563633233308792,5.767971633330618,1.4101232409548152,0.005469879071520488
enc.proprio,20,15,False,0.1852620616555214,5.794817883420478,1.4142127286207156,-0.002054616105102042
enc.proprio,20,16,False,0.1917654275894165,5.766118569089564,1.4053090182642023,0.00918942387058126
enc.proprio,20,17,False,0.1582445502281189,5.785135497703409,1.415627529196218,-0.0013830312976981728
enc.proprio,20,18,False,0.17159458994865417,5.798835919290657,1.4239068940195003,-0.009616881747087623
enc.proprio,20,19,False,0.18698184192180634,5.816198767671781,1.4139202930362298,-0.005528326350803533
enc.proprio,20,20,True,0.0,0.0,0.0,0.9999999999999947
enc.proprio,20,21,False,0.16562842577695847,5.777805490057828,1.406667462973259,0.0062256619131557354
enc.proprio,20,22,False,0.17419491708278656,5.794140264799763,1.413736997843608,-0.0015999198638756353
enc.proprio,20,23,False,0.1594446524977684,5.802657955056312,1.4110749394787303,-0.001170289392670409
enc.proprio,20,24,False,0.18196969479322433,5.800873623675713,1.422370973412005,-0.008887048428480709
enc.proprio,20,25,False,0.1916782408952713,5.809638625613987,1.4095953968844348,-0.0013084932689194592
enc.proprio,20,26,False,0.1604643613100052,5.8042596067120265,1.4160258492364026,-0.004973334039620104
enc.proprio,20,27,False,0.15226729959249496,5.783533872116888,1.412897332375042,0.0008252968736548491
enc.proprio,20,28,False,0.1697211191058159,5.7186834322132265,1.4149513630844512,0.01066051917208977
enc.proprio,20,29,False,0.18009837716817856,5.782345084338008,1.4197177371129892,-0.0037842019436674246
enc.time,6,0,False,0.014585917349904776,1.084963107995719,1.4065279055282678,0.006396202883789104
enc.time,6,1,False,0.014581494498997927,1.0908164033826235,1.4167354940192798,-0.0062207233706670535
enc.time,6,2,False,0.014644195791333914,1.0833408248820107,1.4062990791786185,0.0080382031312963
enc.time,6,3,False,0.014640502166002989,1.0858037805223064,1.410328841671451,0.0029323419246614847
enc.time,6,4,False,0.014664496295154095,1.0884952693389733,1.4150382209057488,-0.00287871003553571
enc.time,6,5,False,0.01460557570680976,1.0848290247384433,1.4053278177951432,0.007370216217860144
enc.time,6,6,True,0.0,0.0,0.0,0.9999999999999855
enc.time,6,7,False,0.014587355311959982,1.0900736430187707,1.4137082107622807,-0.003382011775863006
enc.time,6,8,False,0.01464079786092043,1.0870062152644027,1.4157862370153693,-0.002037637860029089
enc.time,6,9,False,0.014700721018016338,1.07882043894376,1.4054975557645102,0.012735447451706985
enc.time,6,10,False,0.4290829519741237,3.1124511691403445,1.0334893657410957,-0.0060425848017309994
enc.time,6,11,False,0.4025476793758571,3.3703635852208977,1.026615980557454,0.0016524614815614511
enc.time,6,12,False,0.19145550532266498,2.549142721427964,1.0500805982416688,-0.004114106515541238
enc.time,6,13,False,0.16864714724943042,2.817015642643283,1.0383484710035666,0.0034482999457878362
enc.time,6,14,False,0.17733820481225848,2.796134274945492,1.0381268405848496,0.006276125502353788
enc.time,6,15,False,0.2545496146194637,2.168910297220614,1.068541199898577,0.0017838065855839272
enc.time,6,16,False,0.35857634944841266,2.79172548883183,1.0405498890745772,-0.0014323746776266023
enc.time,6,17,False,0.21925883693620563,2.496644719490375,1.0523634933948112,-0.004164391161052395
enc.time,6,18,False,0.01464795833453536,1.0862611359575214,1.4175600127272279,-0.002603107181245835
enc.time,6,19,False,0.014634554274380207,1.0921641083957778,1.4146342003558068,-0.005958765899707666
enc.time,6,20,False,0.01464792713522911,1.0874450792956516,1.4188077058779116,-0.004579719858736916
enc.time,6,21,False,0.014646629337221384,1.0808066741568318,1.4114724599773194,0.006717067932467085
enc.time,6,22,False,0.014695641119033098,1.091361969061489,1.4133026502282913,-0.004272603417761191
enc.time,6,23,False,0.014621187932789326,1.085058597695726,1.4063725925599304,0.006419391556993685
enc.time,6,24,False,0.01455222861841321,1.0861907472034,1.409059123011694,0.0034789992832576773
enc.time,6,25,False,0.014653454534709454,1.0875129618161574,1.4134871175959083,-0.0008749935338528841
enc.time,6,26,False,0.014612874947488308,1.0884612705528487,1.4232457414161437,-0.0086571590576662
enc.time,6,27,False,0.014674358069896698,1.0874138990826312,1.4178660840249657,-0.0038852378227457077
enc.time,6,28,False,0.014608100987970829,1.0945090311909433,1.415047764047141,-0.008401711419376784
enc.time,6,29,False,0.014605410862714052,1.0827890360356451,1.41277357905754,0.003975735758107126
enc.time,20,0,False,0.014689679257571697,1.0856976667102611,1.4074801750779313,0.003153111934429315
enc.time,20,1,False,0.014623807743191719,1.0822563293354683,1.4056178020809929,0.00761760848657768
enc.time,20,2,False,0.014638371299952269,1.082836819284092,1.405644822833824,0.007068720920228154
enc.time,20,3,False,0.014592381194233894,1.0873404823681565,1.4123248330035216,-0.001802257611842134
enc.time,20,4,False,0.014693090692162514,1.0862000329482704,1.4120544254678222,-0.0005633837676619706
enc.time,20,5,False,0.01464894600212574,1.0885225726836787,1.4101125770110488,-0.001305006538698225
enc.time,20,6,False,0.01464792713522911,1.0874450792956516,1.4160926110379808,-0.004579719858736916
enc.time,20,7,False,0.014652423094958067,1.0875573645317806,1.4104448683446333,-0.0006602494058242955
enc.time,20,8,False,0.014687101356685162,1.0830183787319567,1.4105922243236104,0.003395435612474445
enc.time,20,9,False,0.014637504238635302,1.0900331734626338,1.420105613223213,-0.009824980041404495
enc.time,20,10,False,0.4313210309483111,3.113349902766347,1.0337877902286239,-0.0077546311390961475
enc.time,20,11,False,0.4047857583500445,3.3733968856708714,1.0275399267837395,-0.0028571794955776827
enc.time,20,12,False,0.19369358429685235,2.5511104675549436,1.0508911813498008,-0.007424889738501087
enc.time,20,13,False,0.1708852262236178,2.8175721363434967,1.0385535938910624,0.002158742245826635
enc.time,20,14,False,0.17957628378644586,2.80163827040445,1.0401703209239734,-0.0017202447198576103
enc.time,20,15,False,0.25678769359365106,2.169080221553735,1.0686249152790783,0.0008256440469788603
enc.time,20,16,False,0.36081442842260003,2.790083200772444,1.0399377649008863,0.0002455747628233945
enc.time,20,17,False,0.221496915910393,2.494867146681936,1.0516142267026587,-0.0023525878590803565
enc.time,20,18,False,0.014544970355927944,1.083176070676841,1.4135340331227098,0.0011701164927147107
enc.time,20,19,False,0.01467866264283657,1.0919623238145983,1.4143728372809294,-0.007503031291775622
enc.time,20,20,True,0.0,0.0,0.0,0.999999999999986
enc.time,20,21,False,0.01462582778185606,1.0835762869316177,1.4150894178014015,-0.00029798581286216117
enc.time,20,22,False,0.014700287953019142,1.085910168518176,1.4062426239722852,0.003842149928881031
enc.time,20,23,False,0.014635102823376656,1.0882453980185434,1.4105030871170807,-0.0013309200698512383
enc.time,20,24,False,0.014686676673591137,1.0842066978528886,1.4064853183231147,0.005221693006456282
enc.time,20,25,False,0.014654786325991154,1.0870253010960602,1.4128532840970744,-0.0018893650843522835
enc.time,20,26,False,0.014662821777164936,1.0781916134635572,1.4098173851543592,0.008382980147094104
enc.time,20,27,False,0.014678036328405142,1.083991755483426,1.4134039915796974,0.0005100873023097918
enc.time,20,28,False,0.014659015461802483,1.0875171085233868,1.4060081816817485,0.00254797694403349
enc.time,20,29,False,0.014652864076197147,1.0869579535759237,1.4182129918684963,-0.005635079843222396
enc.bias,6,0,True,0.0,0.0,0.0,nan
enc.bias,6,1,True,0.0,0.0,0.0,nan
enc.bias,6,2,True,0.0,0.0,0.0,nan
enc.bias,6,3,True,0.0,0.0,0.0,nan
enc.bias,6,4,True,0.0,0.0,0.0,nan
enc.bias,6,5,True,0.0,0.0,0.0,nan
enc.bias,6,6,True,0.0,0.0,0.0,nan
enc.bias,6,7,True,0.0,0.0,0.0,nan
enc.bias,6,8,True,0.0,0.0,0.0,nan
enc.bias,6,9,True,0.0,0.0,0.0,nan
enc.bias,6,10,False,0.11555498093366623,0.16583560031869984,1.0,nan
enc.bias,6,11,False,0.10349322110414505,0.15905274523533441,1.0,nan
enc.bias,6,12,False,0.10036903619766235,0.18887178792729267,1.0,nan
enc.bias,6,13,False,0.10673728585243225,0.21353412106557665,1.0,nan
enc.bias,6,14,False,0.10749419033527374,0.21342471333190066,1.0,nan
enc.bias,6,15,False,0.07971282303333282,0.1613294481985735,1.0,nan
enc.bias,6,16,False,0.08467923104763031,0.14372673756961216,1.0,nan
enc.bias,6,17,False,0.08322720229625702,0.14741645222241484,1.0,nan
enc.bias,6,18,True,0.0,0.0,0.0,nan
enc.bias,6,19,True,0.0,0.0,0.0,nan
enc.bias,6,20,True,0.0,0.0,0.0,nan
enc.bias,6,21,True,0.0,0.0,0.0,nan
enc.bias,6,22,True,0.0,0.0,0.0,nan
enc.bias,6,23,True,0.0,0.0,0.0,nan
enc.bias,6,24,True,0.0,0.0,0.0,nan
enc.bias,6,25,True,0.0,0.0,0.0,nan
enc.bias,6,26,True,0.0,0.0,0.0,nan
enc.bias,6,27,True,0.0,0.0,0.0,nan
enc.bias,6,28,True,0.0,0.0,0.0,nan
enc.bias,6,29,True,0.0,0.0,0.0,nan
enc.bias,20,0,True,0.0,0.0,0.0,nan
enc.bias,20,1,True,0.0,0.0,0.0,nan
enc.bias,20,2,True,0.0,0.0,0.0,nan
enc.bias,20,3,True,0.0,0.0,0.0,nan
enc.bias,20,4,True,0.0,0.0,0.0,nan
enc.bias,20,5,True,0.0,0.0,0.0,nan
enc.bias,20,6,True,0.0,0.0,0.0,nan
enc.bias,20,7,True,0.0,0.0,0.0,nan
enc.bias,20,8,True,0.0,0.0,0.0,nan
enc.bias,20,9,True,0.0,0.0,0.0,nan
enc.bias,20,10,False,0.11555498093366623,0.16583560031869984,1.0,nan
enc.bias,20,11,False,0.10349322110414505,0.15905274523533441,1.0,nan
enc.bias,20,12,False,0.10036903619766235,0.18887178792729267,1.0,nan
enc.bias,20,13,False,0.10673728585243225,0.21353412106557665,1.0,nan
enc.bias,20,14,False,0.10749419033527374,0.21342471333190066,1.0,nan
enc.bias,20,15,False,0.07971282303333282,0.1613294481985735,1.0,nan
enc.bias,20,16,False,0.08467923104763031,0.14372673756961216,1.0,nan
enc.bias,20,17,False,0.08322720229625702,0.14741645222241484,1.0,nan
enc.bias,20,18,True,0.0,0.0,0.0,nan
enc.bias,20,19,True,0.0,0.0,0.0,nan
enc.bias,20,20,True,0.0,0.0,0.0,nan
enc.bias,20,21,True,0.0,0.0,0.0,nan
enc.bias,20,22,True,0.0,0.0,0.0,nan
enc.bias,20,23,True,0.0,0.0,0.0,nan
enc.bias,20,24,True,0.0,0.0,0.0,nan
enc.bias,20,25,True,0.0,0.0,0.0,nan
enc.bias,20,26,True,0.0,0.0,0.0,nan
enc.bias,20,27,True,0.0,0.0,0.0,nan
enc.bias,20,28,True,0.0,0.0,0.0,nan
enc.bias,20,29,True,0.0,0.0,0.0,nan
dec.out_old0:20,6,0,False,0.027780737727880478,1.634801803029861,1.4223430816299096,-0.004611754012944008
dec.out_old0:20,6,1,False,0.027688664384186268,1.6429870370868511,1.4169926360150804,-0.005865297090966025
dec.out_old0:20,6,2,False,0.027818365022540092,1.6284538727993703,1.4112887348610663,0.007047770296923539
dec.out_old0:20,6,3,False,0.027744438499212265,1.6366431779036206,1.4200650131099806,-0.004147407510543968
dec.out_old0:20,6,4,False,0.02777715679258108,1.6346512735194707,1.415124074761821,0.0005575488309537929
dec.out_old0:20,6,5,False,0.027740157209336758,1.6302592551133095,1.416512928137634,0.0022781303600336988
dec.out_old0:20,6,6,True,0.0,0.0,0.0,0.9999999999999906
dec.out_old0:20,6,7,False,0.02777001541107893,1.6412678291871226,1.4181883837538987,-0.005662541726660218
dec.out_old0:20,6,8,False,0.027641907334327698,1.630556771210333,1.418960273687279,0.0003816216545087993
dec.out_old0:20,6,9,False,0.02774274256080389,1.6337823927005448,1.4221332487103846,-0.0038338073387308184
dec.out_old0:20,6,10,False,2.375904865562916,24.171144509733285,1.0008116644599774,0.0070123420869608825
dec.out_old0:20,6,11,False,1.5438088299706578,13.785971832742478,1.0041491370941313,-0.0071783203816249775
dec.out_old0:20,6,12,False,1.2497499794699252,12.881445601299664,1.0048362666145958,-0.00856594208857338
dec.out_old0:20,6,13,False,1.2398086150642484,11.704506965705702,1.0059866751498687,-0.01063644501923531
dec.out_old0:20,6,14,False,1.1774835353717208,11.75083177749632,1.0054846013932848,-0.006027088042217887
dec.out_old0:20,6,15,False,1.770863645710051,19.407207712705578,1.0014566885824319,0.005447816404505508
dec.out_old0:20,6,16,False,2.125185750424862,24.778626826845404,1.0012734651207102,-0.003867670995133798
dec.out_old0:20,6,17,False,2.291881595272571,25.812733499055156,1.0014560653191815,-0.010004871540409764
dec.out_old0:20,6,18,False,0.027788075618445873,1.6281038590411663,1.4141572159866715,0.0052525115569267734
dec.out_old0:20,6,19,False,0.027644852176308632,1.6356944978485786,1.4178704527649604,-0.0020179384320241555
dec.out_old0:20,6,20,False,0.02777819987386465,1.6383132170477253,1.4155440255559304,-0.0019803570522286757
dec.out_old0:20,6,21,False,0.027747156098484993,1.631450968319775,1.427917950445073,-0.006423585934773199
dec.out_old0:20,6,22,False,0.027805350720882416,1.6406488976550213,1.4217455097431428,-0.007800712543581821
dec.out_old0:20,6,23,False,0.027614261023700237,1.6326251188718481,1.418476016553051,-0.0005548931783695892
dec.out_old0:20,6,24,False,0.027593432925641537,1.6284025111633145,1.4106851842793589,0.007502640311791677
dec.out_old0:20,6,25,False,0.02773806732147932,1.6398271917755842,1.4213288971708937,-0.007000179616661055
dec.out_old0:20,6,26,False,0.027868187054991722,1.6293984549512828,1.4104257809189307,0.007076539247870743
dec.out_old0:20,6,27,False,0.027814901433885098,1.6230928406267395,1.4051928309319799,0.014589039433259366
dec.out_old0:20,6,28,False,0.027827956713736057,1.6436131516008698,1.4196929285304332,-0.008167947462052119
dec.out_old0:20,6,29,False,0.02760406583547592,1.6350811766994409,1.4169316751551944,-0.0009798867155503997
dec.out_old0:20,20,0,False,0.02772384136915207,1.6287124092729361,1.417045065035219,0.002956660659625207
dec.out_old0:20,20,1,False,0.027827169746160507,1.6398137992100557,1.414255879971213,-0.0018858840509270983
dec.out_old0:20,20,2,False,0.02776833064854145,1.6327275740397587,1.4149925096608729,0.0019269539262932046
dec.out_old0:20,20,3,False,0.027623300440609455,1.6351475626883751,1.4187673137281487,-0.0022146310909254875
dec.out_old0:20,20,4,False,0.02780739590525627,1.630724464169209,1.4117246203714109,0.005450958078435052
dec.out_old0:20,20,5,False,0.027824836783111095,1.6327093798977537,1.4186418124987135,-0.000624791302057951
dec.out_old0:20,20,6,False,0.02777819987386465,1.6383132170477253,1.4156823719194302,-0.0019803570522286757
dec.out_old0:20,20,7,False,0.027750622481107712,1.64307713923313,1.4197517742281565,-0.0077825238523362315
dec.out_old0:20,20,8,False,0.02769104391336441,1.6388929592588029,1.426214678982217,-0.009766432781483541
dec.out_old0:20,20,9,False,0.027695929631590843,1.6309043654993631,1.4196280569591577,-0.00020169896112251693
dec.out_old0:20,20,10,False,2.396801132708788,24.181916857147286,1.0012576959228734,-0.002300871137884379
dec.out_old0:20,20,11,False,1.5267245657742023,13.780391338398013,1.003742662407505,-0.0023286669626933977
dec.out_old0:20,20,12,False,1.2465048744343221,12.879158592168727,1.0046578650758264,-0.006570868573420867
dec.out_old0:20,20,13,False,1.2248358950018883,11.698681509236351,1.0054859849796631,-0.005563470446721041
dec.out_old0:20,20,14,False,1.1640070297871716,11.748573052572134,1.0052913288511316,-0.004054711048529469
dec.out_old0:20,20,15,False,1.788411891553551,19.42047035252303,1.0021410713926777,-0.006026749692872096
dec.out_old0:20,20,16,False,2.1162176933139563,24.782534129053598,1.0014313543390518,-0.007243296493132625
dec.out_old0:20,20,17,False,2.2902441886253655,25.789890071942384,1.0005698093697448,0.009757785038130398
dec.out_old0:20,20,18,False,0.027655751444399357,1.6347996695720957,1.4199731402759057,-0.002847983283387955
dec.out_old0:20,20,19,False,0.027656491845846176,1.6284750386073645,1.4116124027705867,0.006905162806270368
dec.out_old0:20,20,20,True,0.0,0.0,0.0,0.9999999999999926
dec.out_old0:20,20,21,False,0.027506454847753048,1.6173550355221125,1.4155805674278075,0.010991858578143866
dec.out_old0:20,20,22,False,0.027751383371651173,1.6357373321275586,1.4174892692736187,-0.001677488371508774
dec.out_old0:20,20,23,False,0.02773437276482582,1.6288383297596958,1.4151859351539333,0.004179127050416817
dec.out_old0:20,20,24,False,0.02775690797716379,1.6414880447338946,1.4220211827256033,-0.008413733519150899
dec.out_old0:20,20,25,False,0.027765005826950073,1.633530914994858,1.4158715659484848,0.0008159196901725499
dec.out_old0:20,20,26,False,0.027718263678252697,1.6415876334923174,1.4209768720963267,-0.0077360777693368755
dec.out_old0:20,20,27,False,0.02770768292248249,1.6376957121993108,1.4178352688327434,-0.003123897605976238
dec.out_old0:20,20,28,False,0.027663455344736576,1.6353506849427601,1.412556112014143,0.0020402251578792493
dec.out_old0:20,20,29,False,0.027772720903158188,1.6340781677864267,1.4160624858332418,0.0003457894204009803
dec.bias_old0:20,6,0,True,0.0,0.0,0.0,nan
dec.bias_old0:20,6,1,True,0.0,0.0,0.0,nan
dec.bias_old0:20,6,2,True,0.0,0.0,0.0,nan
dec.bias_old0:20,6,3,True,0.0,0.0,0.0,nan
dec.bias_old0:20,6,4,True,0.0,0.0,0.0,nan
dec.bias_old0:20,6,5,True,0.0,0.0,0.0,nan
dec.bias_old0:20,6,6,True,0.0,0.0,0.0,nan
dec.bias_old0:20,6,7,True,0.0,0.0,0.0,nan
dec.bias_old0:20,6,8,True,0.0,0.0,0.0,nan
dec.bias_old0:20,6,9,True,0.0,0.0,0.0,nan
dec.bias_old0:20,6,10,False,0.06196529045701027,0.09555055216794887,1.0,nan
dec.bias_old0:20,6,11,False,0.059795066714286804,0.10342009717410347,1.0,nan
dec.bias_old0:20,6,12,False,0.07632824778556824,0.10948944541065803,1.0,nan
dec.bias_old0:20,6,13,False,0.05750299245119095,0.07642351117758536,1.0,nan
dec.bias_old0:20,6,14,False,0.05895431339740753,0.08476666399389182,1.0,nan
dec.bias_old0:20,6,15,False,0.062162820249795914,0.10106868618750865,1.0,nan
dec.bias_old0:20,6,16,False,0.07840020954608917,0.11256059378213117,1.0,nan
dec.bias_old0:20,6,17,False,0.16486522555351257,0.22903978632544822,1.0,nan
dec.bias_old0:20,6,18,True,0.0,0.0,0.0,nan
dec.bias_old0:20,6,19,True,0.0,0.0,0.0,nan
dec.bias_old0:20,6,20,True,0.0,0.0,0.0,nan
dec.bias_old0:20,6,21,True,0.0,0.0,0.0,nan
dec.bias_old0:20,6,22,True,0.0,0.0,0.0,nan
dec.bias_old0:20,6,23,True,0.0,0.0,0.0,nan
dec.bias_old0:20,6,24,True,0.0,0.0,0.0,nan
dec.bias_old0:20,6,25,True,0.0,0.0,0.0,nan
dec.bias_old0:20,6,26,True,0.0,0.0,0.0,nan
dec.bias_old0:20,6,27,True,0.0,0.0,0.0,nan
dec.bias_old0:20,6,28,True,0.0,0.0,0.0,nan
dec.bias_old0:20,6,29,True,0.0,0.0,0.0,nan
dec.bias_old0:20,20,0,True,0.0,0.0,0.0,nan
dec.bias_old0:20,20,1,True,0.0,0.0,0.0,nan
dec.bias_old0:20,20,2,True,0.0,0.0,0.0,nan
dec.bias_old0:20,20,3,True,0.0,0.0,0.0,nan
dec.bias_old0:20,20,4,True,0.0,0.0,0.0,nan
dec.bias_old0:20,20,5,True,0.0,0.0,0.0,nan
dec.bias_old0:20,20,6,True,0.0,0.0,0.0,nan
dec.bias_old0:20,20,7,True,0.0,0.0,0.0,nan
dec.bias_old0:20,20,8,True,0.0,0.0,0.0,nan
dec.bias_old0:20,20,9,True,0.0,0.0,0.0,nan
dec.bias_old0:20,20,10,False,0.06196529045701027,0.09555055216794887,1.0,nan
dec.bias_old0:20,20,11,False,0.059795066714286804,0.10342009717410347,1.0,nan
dec.bias_old0:20,20,12,False,0.07632824778556824,0.10948944541065803,1.0,nan
dec.bias_old0:20,20,13,False,0.05750299245119095,0.07642351117758536,1.0,nan
dec.bias_old0:20,20,14,False,0.05895431339740753,0.08476666399389182,1.0,nan
dec.bias_old0:20,20,15,False,0.062162820249795914,0.10106868618750865,1.0,nan
dec.bias_old0:20,20,16,False,0.07840020954608917,0.11256059378213117,1.0,nan
dec.bias_old0:20,20,17,False,0.16486522555351257,0.22903978632544822,1.0,nan
dec.bias_old0:20,20,18,True,0.0,0.0,0.0,nan
dec.bias_old0:20,20,19,True,0.0,0.0,0.0,nan
dec.bias_old0:20,20,20,True,0.0,0.0,0.0,nan
dec.bias_old0:20,20,21,True,0.0,0.0,0.0,nan
dec.bias_old0:20,20,22,True,0.0,0.0,0.0,nan
dec.bias_old0:20,20,23,True,0.0,0.0,0.0,nan
dec.bias_old0:20,20,24,True,0.0,0.0,0.0,nan
dec.bias_old0:20,20,25,True,0.0,0.0,0.0,nan
dec.bias_old0:20,20,26,True,0.0,0.0,0.0,nan
dec.bias_old0:20,20,27,True,0.0,0.0,0.0,nan
dec.bias_old0:20,20,28,True,0.0,0.0,0.0,nan
dec.bias_old0:20,20,29,True,0.0,0.0,0.0,nan
soft_prompt,6,0,False,0.08951359987258911,4.185676025818146,1.40648651640486,-0.0011988630468292001
soft_prompt,6,1,False,0.09094475768506527,4.146094822149875,1.39996806792317,0.012818508633433973
soft_prompt,6,2,False,0.09036079421639442,4.1453495933268245,1.4084467764117259,0.006991614017534102
soft_prompt,6,3,False,0.09607307240366936,4.167139816863094,1.410126323758616,0.0005943366466830977
soft_prompt,6,4,False,0.09336592629551888,4.190969643336647,1.4144538678570437,-0.008188295894934871
soft_prompt,6,5,False,0.08765120804309845,4.143655958754123,1.4054945136433477,0.009481310351788647
soft_prompt,6,6,True,0.0,0.0,0.0,0.9999999999999879
soft_prompt,6,7,False,0.08826658502221107,4.187921606628465,1.4174315491268463,-0.009594172924370748
soft_prompt,6,8,False,0.09571437910199165,4.180449655475423,1.406789122868449,-0.00018063607163377988
soft_prompt,6,9,False,0.09532643854618073,4.1936138934282905,1.4058580483982197,-0.002618080574994707
soft_prompt,6,10,False,0.18993818224407732,8.028938464274463,1.0760825625454127,-0.003440011566684184
soft_prompt,6,11,False,0.19174861162900925,7.88972541645461,1.0762886171398927,0.003034739817752089
soft_prompt,6,12,False,0.17238184437155724,7.729582613450296,1.0842296038331067,-0.006677934813908908
soft_prompt,6,13,False,0.20660487562417984,7.932658568677533,1.0819665798265983,-0.012312039183690818
soft_prompt,6,14,False,0.18585035018622875,7.955898772021835,1.079193496909024,-0.007067515251208828
soft_prompt,6,15,False,0.19170842692255974,7.2822589452408435,1.095125040897643,-0.004354849873664637
soft_prompt,6,16,False,0.20300013199448586,8.0006125006139,1.078319208110211,-0.007290808207335247
soft_prompt,6,17,False,0.19897831976413727,7.980101346841162,1.0771653220936195,-0.0035531165938134895
soft_prompt,6,18,False,0.10150216519832611,4.186103788324677,1.414172834245667,-0.006824724357410075
soft_prompt,6,19,False,0.09388930350542068,4.155340117939384,1.3996948891001633,0.010831016739467958
soft_prompt,6,20,False,0.09534579887986183,4.189745735022325,1.4130978585685043,-0.006922127240187789
soft_prompt,6,21,False,0.1049475371837616,4.176741131035223,1.4126303811606853,-0.0034843203640068346
soft_prompt,6,22,False,0.08637776598334312,4.164311453927601,1.4096098795865788,0.0016368716779152717
soft_prompt,6,23,False,0.09142174571752548,4.1426203632963015,1.4034085970894916,0.01120282679124385
soft_prompt,6,24,False,0.1083630658686161,4.175494973545125,1.3996387435142976,0.006132540263580303
soft_prompt,6,25,False,0.09621342644095421,4.165827518547705,1.41329239440081,-0.0013442074903721444
soft_prompt,6,26,False,0.09678488224744797,4.168540034896117,1.4072996991849422,0.002277487886205584
soft_prompt,6,27,False,0.09610211476683617,4.187554605312924,1.4124002475797721,-0.005898912802742853
soft_prompt,6,28,False,0.10161057487130165,4.1663997455250605,1.4088009209036518,0.00171529859568817
soft_prompt,6,29,False,0.09678999707102776,4.173700955149081,1.4131099918323586,-0.003099899250170413
soft_prompt,20,0,False,0.10366462543606758,4.213944725490805,1.4159854706193402,-0.006234547388340865
soft_prompt,20,1,False,0.10470909625291824,4.193516059082997,1.4159802963683856,-0.0013590211617981276
soft_prompt,20,2,False,0.09369763359427452,4.1776945600430615,1.4194364801939992,1.042603688487001e-05
soft_prompt,20,3,False,0.09447076171636581,4.178913775296424,1.4141105358204458,0.003450299106113253
soft_prompt,20,4,False,0.09511375054717064,4.1717024259305875,1.407951174565964,0.009497915368154796
soft_prompt,20,5,False,0.09116601943969727,4.185134114818772,1.419563567967644,-0.00187108036099736
soft_prompt,20,6,False,0.09534579887986183,4.189745735022325,1.4251785248031823,-0.006922127240187789
soft_prompt,20,7,False,0.1022736169397831,4.19689868627254,1.4204699049275844,-0.005338825600304943
soft_prompt,20,8,False,0.09526350721716881,4.190097276630947,1.4100357038876394,0.0036597303303718184
soft_prompt,20,9,False,0.10428760200738907,4.2055258753807045,1.409851395455377,0.00013757180629919743
soft_prompt,20,10,False,0.20743185374885798,8.037339198032834,1.077208475161407,-0.003107246262952363
soft_prompt,20,11,False,0.20951299741864204,7.887370883770761,1.0759674200648939,0.007277563572742611
soft_prompt,20,12,False,0.19354595988988876,7.7257807255990905,1.0836963125074461,-0.001720972711053271
soft_prompt,20,13,False,0.1810746118426323,7.912238749297658,1.079181440148161,-0.0013522495086813132
soft_prompt,20,14,False,0.19134926982223988,7.959867350265498,1.0797318224904904,-0.005057762465280905
soft_prompt,20,15,False,0.19529500044882298,7.273528270850854,1.0938120993749236,0.0026683653619331495
soft_prompt,20,16,False,0.196744404733181,7.9923855326594415,1.0772103808086613,-0.0008654737672000624
soft_prompt,20,17,False,0.21544687822461128,7.9730069406092205,1.0762077091458944,0.0024313156754818136
soft_prompt,20,18,False,0.0922136977314949,4.20645493371441,1.42104797122536,-0.008042823259193461
soft_prompt,20,19,False,0.10607298463582993,4.180259621863799,1.4080888355141603,0.007369707837464287
soft_prompt,20,20,True,0.0,0.0,0.0,0.9999999999999895
soft_prompt,20,21,False,0.0986388772726059,4.184023641733814,1.4150934248450344,0.0015366232880437145
soft_prompt,20,22,False,0.08888465911149979,4.1813741028504845,1.4153855471272305,0.0019656035209122138
soft_prompt,20,23,False,0.099294014275074,4.1904030940671175,1.41959610385461,-0.0031616596361529552
soft_prompt,20,24,False,0.10962658748030663,4.210310742482513,1.41130909622667,-0.0020344082082425917
soft_prompt,20,25,False,0.09315552189946175,4.192750197312245,1.4224261420092768,-0.0057171758163294195
soft_prompt,20,26,False,0.09689497202634811,4.200490402885864,1.4180861478898636,-0.004516295382923611
soft_prompt,20,27,False,0.10697289183735847,4.170764903402553,1.40673732939241,0.01057404828736383
soft_prompt,20,28,False,0.09728564321994781,4.192039066651799,1.4174704440941448,-0.0020571883199099125
soft_prompt,20,29,False,0.11868287995457649,4.180610337277169,1.4154493345470165,0.0021037838516249144
enc.action_new20:32,6,0,False,0.08002708852291107,1.9105446672337947,1.4122832889340649,0.0014210365841901432
enc.action_new20:32,6,1,False,0.07729591056704521,1.9256601244748464,1.4260328031488678,-0.01627881017788285
enc.action_new20:32,6,2,False,0.0761929526925087,1.915087002080493,1.4208308059660486,-0.007009236530213512
enc.action_new20:32,6,3,False,0.0700695663690567,1.9096936317462387,1.4218619602995124,-0.0048873922834040805
enc.action_new20:32,6,4,False,0.07086150720715523,1.8937578958821313,1.4106813060156558,0.011337188129478338
enc.action_new20:32,6,5,False,0.08588025346398354,1.923877381577774,1.4211354163796144,-0.011849098916043136
enc.action_new20:32,6,6,True,0.0,0.0,0.0,0.9999999999999953
enc.action_new20:32,6,7,False,0.07550566829741001,1.9274269099437074,1.411064389044635,-0.006473976121051596
enc.action_new20:32,6,8,False,0.07058530114591122,1.9263080523864258,1.4241216219935038,-0.015257701973977359
enc.action_new20:32,6,9,False,0.06725718453526497,1.9076269615870654,1.4238246243103554,-0.005167956656974423
enc.action_new20:32,6,10,False,0.0643757414072752,1.908469600917271,1.4114136667221182,0.0031193143255463687
enc.action_new20:32,6,11,False,0.06770829856395721,1.8890243848347812,1.4168978843502273,0.009530227886533543
enc.action_new20:32,6,12,False,0.07892484590411186,1.9201846322238603,1.4146826836851256,-0.005312621631239193
enc.action_new20:32,6,13,False,0.07013703137636185,1.8994641454991155,1.3976140597196312,0.017541203271757264
enc.action_new20:32,6,14,False,0.07321418449282646,1.905532668502442,1.4272395647084044,-0.006437348533318322
enc.action_new20:32,6,15,False,0.0654992163181305,1.912625980365411,1.4209455628283534,-0.005792240468858733
enc.action_new20:32,6,16,False,0.0701853558421135,1.9044064815060593,1.4054976219626036,0.009415150340487056
enc.action_new20:32,6,17,False,0.07538565620779991,1.9146595263518018,1.4124406159669882,-0.0008363930565817964
enc.action_new20:32,6,18,False,0.07175944373011589,1.9040403968655224,1.408606383134572,0.007410848264407488
enc.action_new20:32,6,19,False,0.07405583932995796,1.8979785683864738,1.4134881696576809,0.0071605994521348115
enc.action_new20:32,6,20,False,0.06750131770968437,1.91158836588471,1.421933493823885,-0.005940137715014124
enc.action_new20:32,6,21,False,0.07660479843616486,1.9084220447364197,1.4179023482601198,-0.0014319232962046805
enc.action_new20:32,6,22,False,0.06645749136805534,1.9096471291842316,1.4196937050249443,-0.003338263680902358
enc.action_new20:32,6,23,False,0.07040401548147202,1.9079553144743595,1.4105922157867616,0.003968295307695607
enc.action_new20:32,6,24,False,0.06542138196527958,1.92519832758103,1.413646731578303,-0.0071783665080083214
enc.action_new20:32,6,25,False,0.06887681502848864,1.9179502890968025,1.4243508302823287,-0.01101060084292799
enc.action_new20:32,6,26,False,0.07293662428855896,1.8962042407581226,1.4148317362415128,0.007159268286612362
enc.action_new20:32,6,27,False,0.07686677947640419,1.9187570055657721,1.4189793962987691,-0.007626719527278023
enc.action_new20:32,6,28,False,0.06322420295327902,1.9063804357721514,1.4170536258916346,0.000240091417254167
enc.action_new20:32,6,29,False,0.07874452322721481,1.9044313582256949,1.420251891613861,-0.000972623898478254
enc.action_new20:32,20,0,False,0.06537330709397793,1.9031338145295227,1.4068051529812693,0.004251570180479159
enc.action_new20:32,20,1,False,0.06585069745779037,1.8981251486532689,1.4056419884581453,0.007683687767500477
enc.action_new20:32,20,2,False,0.06923104077577591,1.9097727894635537,1.4168881145962058,-0.006400177897716442
enc.action_new20:32,20,3,False,0.07879980467259884,1.8936476943975187,1.4099149612865702,0.00700555598668047
enc.action_new20:32,20,4,False,0.06865341402590275,1.8959704797448147,1.412329484328135,0.004085483059614609
enc.action_new20:32,20,5,False,0.0857999175786972,1.8962762513021076,1.400746932091344,0.012116984533885029
enc.action_new20:32,20,6,False,0.06750131770968437,1.91158836588471,1.414907812657849,-0.005940137715014124
enc.action_new20:32,20,7,False,0.0718239676207304,1.9150203445938192,1.4019815737818278,0.0015749797248495046
enc.action_new20:32,20,8,False,0.07157277688384056,1.9129790574118761,1.4142674816242193,-0.006209848202131501
enc.action_new20:32,20,9,False,0.0744696706533432,1.9226707453675218,1.4350530826099772,-0.02618424529482119
enc.action_new20:32,20,10,False,0.07254510186612606,1.9085759877870443,1.4114923454088972,-0.0019259377794521358
enc.action_new20:32,20,11,False,0.06524745188653469,1.8983590224002904,1.4238995029232469,-0.0053044945362627875
enc.action_new20:32,20,12,False,0.08260828256607056,1.9118407716474628,1.4085354023901797,-0.0015079883099064686
enc.action_new20:32,20,13,False,0.06526299193501472,1.905987943758747,1.402414230437273,0.005910532674499493
enc.action_new20:32,20,14,False,0.07244573906064034,1.884100326689644,1.4111867902242914,0.011144143980956452
enc.action_new20:32,20,15,False,0.07256091013550758,1.9025308616838366,1.4134456050508957,-0.00015057137760038762
enc.action_new20:32,20,16,False,0.07306544482707977,1.9144512329369185,1.4129108892384603,-0.006006178701563714
enc.action_new20:32,20,17,False,0.0747543666511774,1.8966183026047494,1.399131640229334,0.013088399435344471
enc.action_new20:32,20,18,False,0.0664213728159666,1.9160761615777533,1.4175104247859276,-0.010153864848906253
enc.action_new20:32,20,19,False,0.074533237144351,1.90623730204487,1.4196387250522133,-0.006489866333610475
enc.action_new20:32,20,20,True,0.0,0.0,0.0,0.999999999999997
enc.action_new20:32,20,21,False,0.06590582802891731,1.9089921198045399,1.4183258975373887,-0.007012305218181128
enc.action_new20:32,20,22,False,0.07084446027874947,1.903575658005186,1.4151799761368153,-0.0019283362202166374
enc.action_new20:32,20,23,False,0.06623327359557152,1.8849578959980984,1.393589731902729,0.0230255280161083
enc.action_new20:32,20,24,False,0.08118006587028503,1.9248839119545482,1.4134158604953784,-0.011797219460739673
enc.action_new20:32,20,25,False,0.07059497013688087,1.9127353715083935,1.4204780123896386,-0.010517288267426953
enc.action_new20:32,20,26,False,0.07320993021130562,1.9062964139084246,1.4223618991605573,-0.008447786532492079
enc.action_new20:32,20,27,False,0.06950381398200989,1.9127427310463856,1.414531656641304,-0.006275328489175106
enc.action_new20:32,20,28,False,0.06763922423124313,1.9111544939764777,1.4206022861494274,-0.009771495010384887
enc.action_new20:32,20,29,False,0.06879620254039764,1.9027967571971747,1.419032868836924,-0.004241910132812001
dec.out_new20:32,6,0,False,0.390924908220768,10.722096320128195,1.4199539846405485,0.0034845681449575546
dec.out_new20:32,6,1,False,0.3817764148116112,10.860620173444325,1.4203935762134754,-0.009769176115805921
dec.out_new20:32,6,2,False,0.39972254633903503,10.843485930453603,1.4262016407954798,-0.012288254089615959
dec.out_new20:32,6,3,False,0.3635781854391098,10.790409823029984,1.4306972545459726,-0.010438664868286467
dec.out_new20:32,6,4,False,0.4110439494252205,10.739897325477461,1.4298455747746084,-0.005048972075930736
dec.out_new20:32,6,5,False,0.40770262479782104,10.710659348646345,1.4144084135773498,0.008406800700734175
dec.out_new20:32,6,6,True,0.0,0.0,0.0,0.9999999999999978
dec.out_new20:32,6,7,False,0.42188355326652527,10.804793608863978,1.4311842888419744,-0.012142276187621922
dec.out_new20:32,6,8,False,0.3670520633459091,10.782280113275473,1.4013225899400803,0.011000440025932466
dec.out_new20:32,6,9,False,0.378109410405159,10.77594949078272,1.3983011555559521,0.01372501790162169
dec.out_new20:32,6,10,False,0.4350071996450424,10.69455373723772,1.402471560667839,0.018217957629942917
dec.out_new20:32,6,11,False,0.36437904834747314,10.820483018271558,1.4109782199083387,0.0006386063608134202
dec.out_new20:32,6,12,False,0.35497303307056427,10.752746521431163,1.4250504165956488,-0.002942713395703643
dec.out_new20:32,6,13,False,0.35026930272579193,10.719165267496003,1.42436438841559,0.0007070337781531262
dec.out_new20:32,6,14,False,0.3668893352150917,10.749568019416083,1.4168001765106302,0.0031066256205599862
dec.out_new20:32,6,15,False,0.38814476877450943,10.765073752908842,1.4130720824043659,0.004276459512381137
dec.out_new20:32,6,16,False,0.3955968916416168,10.81175668614036,1.4289023277888582,-0.011203367324884991
dec.out_new20:32,6,17,False,0.3535958230495453,10.722470195155685,1.4157756391335017,0.006352531560763056
dec.out_new20:32,6,18,False,0.3994080275297165,10.758460942521294,1.4271887882634027,-0.004969309805000479
dec.out_new20:32,6,19,False,0.36117371916770935,10.804591898844343,1.4217556978704748,-0.005510623996104952
dec.out_new20:32,6,20,False,0.4774395525455475,10.779677786224589,1.409175756022861,0.005672425034891884
dec.out_new20:32,6,21,False,0.3851289823651314,10.667165755771638,1.4157682781949572,0.011540384614629825
dec.out_new20:32,6,22,False,0.3871714621782303,10.840404922175976,1.4231125097275639,-0.009815625255866378
dec.out_new20:32,6,23,False,0.39049046486616135,10.795337992585221,1.4041211801375737,0.007819692786346193
dec.out_new20:32,6,24,False,0.33708636462688446,10.749904638203168,1.4271251769024507,-0.0041150051159109325
dec.out_new20:32,6,25,False,0.477619469165802,10.673002799902884,1.4221142808642664,0.006627481570183106
dec.out_new20:32,6,26,False,0.3887537941336632,10.766871104900556,1.4281570809204376,-0.006438772628395941
dec.out_new20:32,6,27,False,0.40068937838077545,10.725065551667065,1.4256748119372848,-0.0007574732514043988
dec.out_new20:32,6,28,False,0.3916662484407425,10.725341447057176,1.428425636169138,-0.0026835940808507246
dec.out_new20:32,6,29,False,0.4353136792778969,10.828636822288614,1.4201500655389956,-0.006621833465954432
dec.out_new20:32,20,0,False,0.39607733488082886,10.699553921456314,1.4169686385046998,0.009126070090561253
dec.out_new20:32,20,1,False,0.42174628376960754,10.811262557484444,1.4139383978233824,0.0008372214816322521
dec.out_new20:32,20,2,False,0.3911880552768707,10.739638104522541,1.412542939093293,0.008454784694265912
dec.out_new20:32,20,3,False,0.41333647072315216,10.679454683237644,1.4159857453000624,0.011689790533650022
dec.out_new20:32,20,4,False,0.35999882966279984,10.676942371793277,1.4214641294769954,0.008165508389976086
dec.out_new20:32,20,5,False,0.412015900015831,10.751419206913491,1.4197910034434498,0.002306206143424038
dec.out_new20:32,20,6,False,0.4774395525455475,10.779677786224589,1.4112201712008465,0.005672425034891884
dec.out_new20:32,20,7,False,0.3949156105518341,10.737910906630797,1.4223251216892674,0.00181662426647301
dec.out_new20:32,20,8,False,0.470626100897789,10.891836978261926,1.4155611840199642,-0.007747761132836412
dec.out_new20:32,20,9,False,0.37744057178497314,10.833875528792067,1.4058177132341902,0.004525150512833077
dec.out_new20:32,20,10,False,0.37087200582027435,10.876691664005651,1.4263569203272692,-0.014033449322467959
dec.out_new20:32,20,11,False,0.3772299885749817,10.862330988352923,1.416435145835996,-0.005652099194258731
dec.out_new20:32,20,12,False,0.36089104413986206,10.796201890545733,1.4308095118869413,-0.00958249885848044
dec.out_new20:32,20,13,False,0.39714114367961884,10.794952887809622,1.434435059476593,-0.01198405827389161
dec.out_new20:32,20,14,False,0.39395469427108765,10.751096480302023,1.4170016286665752,0.004278562576174287
dec.out_new20:32,20,15,False,0.398696169257164,10.79469932628884,1.4169608686430284,0.00024378368427229689
dec.out_new20:32,20,16,False,0.3811290115118027,10.828751130775695,1.4311483459155923,-0.012900538555950265
dec.out_new20:32,20,17,False,0.44378653168678284,10.93170412000633,1.4434025094621006,-0.0312968308387152
dec.out_new20:32,20,18,False,0.4138190746307373,10.70267643328382,1.4197885637733147,0.006887631066234754
dec.out_new20:32,20,19,False,0.37815840542316437,10.720237698673301,1.410655689109819,0.011571365187897678
dec.out_new20:32,20,20,True,0.0,0.0,0.0,0.9999999999999987
dec.out_new20:32,20,21,False,0.46397750079631805,10.748710789585344,1.4265911035602905,-0.0021563489720669393
dec.out_new20:32,20,22,False,0.4562496244907379,10.807840604369044,1.4188375136942526,-0.0022985824362887065
dec.out_new20:32,20,23,False,0.37353965640068054,10.783359631224203,1.4025631862237287,0.011446173286370502
dec.out_new20:32,20,24,False,0.38985323905944824,10.749286830326614,1.4270431585771919,-0.002523651423586173
dec.out_new20:32,20,25,False,0.4158309996128082,10.683395367177217,1.4234990287756797,0.00616042732750083
dec.out_new20:32,20,26,False,0.3561876006424427,10.731354138601246,1.4234459808785613,0.0016593805709121906
dec.out_new20:32,20,27,False,0.4012025147676468,10.719838272888666,1.424979953742392,0.0016896471894924337
dec.out_new20:32,20,28,False,0.38390226662158966,10.665930789688241,1.4205131882096627,0.009858240665873172
dec.out_new20:32,20,29,False,0.3743608593940735,10.84144217151259,1.4218294567530632,-0.007538637359479841
dec.bias_new20:32,6,0,True,0.0,0.0,0.0,nan
dec.bias_new20:32,6,1,True,0.0,0.0,0.0,nan
dec.bias_new20:32,6,2,True,0.0,0.0,0.0,nan
dec.bias_new20:32,6,3,True,0.0,0.0,0.0,nan
dec.bias_new20:32,6,4,True,0.0,0.0,0.0,nan
dec.bias_new20:32,6,5,True,0.0,0.0,0.0,nan
dec.bias_new20:32,6,6,True,0.0,0.0,0.0,nan
dec.bias_new20:32,6,7,True,0.0,0.0,0.0,nan
dec.bias_new20:32,6,8,True,0.0,0.0,0.0,nan
dec.bias_new20:32,6,9,True,0.0,0.0,0.0,nan
dec.bias_new20:32,6,10,True,0.0,0.0,0.0,nan
dec.bias_new20:32,6,11,True,0.0,0.0,0.0,nan
dec.bias_new20:32,6,12,True,0.0,0.0,0.0,nan
dec.bias_new20:32,6,13,True,0.0,0.0,0.0,nan
dec.bias_new20:32,6,14,True,0.0,0.0,0.0,nan
dec.bias_new20:32,6,15,True,0.0,0.0,0.0,nan
dec.bias_new20:32,6,16,True,0.0,0.0,0.0,nan
dec.bias_new20:32,6,17,True,0.0,0.0,0.0,nan
dec.bias_new20:32,6,18,True,0.0,0.0,0.0,nan
dec.bias_new20:32,6,19,True,0.0,0.0,0.0,nan
dec.bias_new20:32,6,20,True,0.0,0.0,0.0,nan
dec.bias_new20:32,6,21,True,0.0,0.0,0.0,nan
dec.bias_new20:32,6,22,True,0.0,0.0,0.0,nan
dec.bias_new20:32,6,23,True,0.0,0.0,0.0,nan
dec.bias_new20:32,6,24,True,0.0,0.0,0.0,nan
dec.bias_new20:32,6,25,True,0.0,0.0,0.0,nan
dec.bias_new20:32,6,26,True,0.0,0.0,0.0,nan
dec.bias_new20:32,6,27,True,0.0,0.0,0.0,nan
dec.bias_new20:32,6,28,True,0.0,0.0,0.0,nan
dec.bias_new20:32,6,29,True,0.0,0.0,0.0,nan
dec.bias_new20:32,20,0,True,0.0,0.0,0.0,nan
dec.bias_new20:32,20,1,True,0.0,0.0,0.0,nan
dec.bias_new20:32,20,2,True,0.0,0.0,0.0,nan
dec.bias_new20:32,20,3,True,0.0,0.0,0.0,nan
dec.bias_new20:32,20,4,True,0.0,0.0,0.0,nan
dec.bias_new20:32,20,5,True,0.0,0.0,0.0,nan
dec.bias_new20:32,20,6,True,0.0,0.0,0.0,nan
dec.bias_new20:32,20,7,True,0.0,0.0,0.0,nan
dec.bias_new20:32,20,8,True,0.0,0.0,0.0,nan
dec.bias_new20:32,20,9,True,0.0,0.0,0.0,nan
dec.bias_new20:32,20,10,True,0.0,0.0,0.0,nan
dec.bias_new20:32,20,11,True,0.0,0.0,0.0,nan
dec.bias_new20:32,20,12,True,0.0,0.0,0.0,nan
dec.bias_new20:32,20,13,True,0.0,0.0,0.0,nan
dec.bias_new20:32,20,14,True,0.0,0.0,0.0,nan
dec.bias_new20:32,20,15,True,0.0,0.0,0.0,nan
dec.bias_new20:32,20,16,True,0.0,0.0,0.0,nan
dec.bias_new20:32,20,17,True,0.0,0.0,0.0,nan
dec.bias_new20:32,20,18,True,0.0,0.0,0.0,nan
dec.bias_new20:32,20,19,True,0.0,0.0,0.0,nan
dec.bias_new20:32,20,20,True,0.0,0.0,0.0,nan
dec.bias_new20:32,20,21,True,0.0,0.0,0.0,nan
dec.bias_new20:32,20,22,True,0.0,0.0,0.0,nan
dec.bias_new20:32,20,23,True,0.0,0.0,0.0,nan
dec.bias_new20:32,20,24,True,0.0,0.0,0.0,nan
dec.bias_new20:32,20,25,True,0.0,0.0,0.0,nan
dec.bias_new20:32,20,26,True,0.0,0.0,0.0,nan
dec.bias_new20:32,20,27,True,0.0,0.0,0.0,nan
dec.bias_new20:32,20,28,True,0.0,0.0,0.0,nan
dec.bias_new20:32,20,29,True,0.0,0.0,0.0,nan
